PRT_ID,AREA,INT_SQFT,DIST_MAINROAD,N_ROOM,PARK_FACIL,Estimate
P05996,Chrompet,958,185,3,0,2032600
P09294,Anna Nagar,1807,108,5,1,3704100
P03807,Karapakkam,1658,59,4,0,3879720
P00539,Anna Nagar,1592,102,4,1,4081340
P01448,Chrompet,857,62,3,0,1812120
P06667,KK Nagar,1818,12,5,0,4724630
P09803,Velachery,1584,186,4,1,5330960
P05568,Anna Nagar,1860,59,5,1,8492690
P05102,Velachery,1701,16,4,0,4472330
P04556,Adyar,868,182,3,0,1868980
P03782,KK Nagar,1313,157,3,0,4267760
P02221,KK Nagar,1785,37,5,1,5296530
P03299,Velachery,1608,19,4,0,4619760
P08959,Chrompet,832,67,3,0,2328870
P09377,Velachery,1818,105,5,0,2421410
P09924,Velachery,1730,71,4,0,3779960
P01394,Chrompet,1122,42,3,0,2643060
P07407,KK Nagar,1606,9,4,1,3527570
P08729,Anna Nagar,1976,114,5,0,3428640
P09542,Velachery,1954,128,5,1,4077830
P01853,Chrompet,1030,145,3,1,2498130
P08051,Adyar,1222,136,4,0,4022140
P08271,Adyar,856,177,3,0,1790180
P02055,Velachery,1957,17,5,1,3263660
P01462,Adyar,1011,81,3,0,2371030
P03664,Velachery,1725,100,4,1,5047200
P02370,Adyar,1238,14,4,0,2269260
P07852,Anna Nagar,1691,96,4,1,6303910
P06278,KK Nagar,2085,38,5,0,6745100
P08467,Chrompet,1021,18,3,1,4046510
P00992,Anna Nagar,1514,33,4,0,4454690
P05942,Chrompet,1030,101,3,0,2143380
P03989,Chrompet,906,112,3,0,2129700
P07060,T Nagar,1539,187,4,1,3102250
P00285,Anna Nagar,1743,4,4,1,4586430
P04718,Karapakkam,520,118,2,0,2713800
P00956,Anna Nagar,1823,30,5,0,3144030
P07903,KK Nagar,1565,124,4,1,5324580
P09166,Velachery,1941,33,5,0,2842850
P04499,Karapakkam,1383,119,4,0,2664650
P04015,Karapakkam,789,167,2,0,1286030
P09376,Velachery,1970,30,5,1,3514180
P00012,Chrompet,726,49,2,1,1854010
P08995,Anna Nagar,1737,79,4,1,3475690
P02323,Karapakkam,980,62,3,1,3438990
P01359,Chrompet,776,109,2,0,2555940
P07090,Chrompet,1257,22,4,1,4589890
P08475,Adyar,1118,57,3,1,4212180
P02125,Velachery,1575,51,4,1,5622790
P07915,Anna Nagar,1617,47,4,1,6064190
P06139,Adyar,1193,4,3,0,2679310
P03073,Karapakkam,1371,142,4,0,2367390
P08441,Chrompet,1070,141,3,1,2566300
P01565,Velachery,1550,70,4,1,3227780
P00791,Chrompet,1030,105,3,0,2520000
P06751,Adyar,676,36,2,1,4795380
P04554,Karapakkam,1651,102,4,1,5294740
P03839,Karapakkam,1313,158,3,1,3176420
P01409,Chrompet,743,175,2,1,3551780
P07431,KK Nagar,1394,123,4,0,4422920
P03489,KK Nagar,2351,42,6,0,5706460
P06387,Velachery,1522,2,4,1,2665330
P06779,Chrompet,1121,159,3,1,2547170
P01889,Adyar,1063,50,3,0,3243780
P06149,Adyar,1132,71,3,1,4109080
P08873,T Nagar,1622,116,4,1,3386740
P03425,KK Nagar,1470,93,4,1,6026150
P09806,Velachery,1705,199,4,0,3625040
P04345,KK Nagar,1912,114,5,0,4917040
P04042,KK Nagar,1341,6,4,1,4195250
P09781,Velachery,1884,117,5,0,2428040
P00254,Chrompet,1235,111,4,0,3756110
P09091,Anna Nagar,1865,65,5,0,5181620
P04061,KK Nagar,1472,158,4,0,4657390
P06644,Karapakkam,1266,119,3,0,2530100
P08517,Chrompet,1287,166,4,0,4116660
P07492,Adyar,1089,180,3,1,3413560
P04452,T Nagar,1939,125,5,1,4067720
P08144,Chrompet,919,59,3,0,2562110
P02854,Karapakkam,932,48,3,0,2669720
P04835,Chrompet,1240,121,4,1,2726680
P00455,T Nagar,1623,108,4,1,4321940
P07396,Adyar,830,135,3,1,2366390
P07777,Adyar,651,94,2,0,2293030
P05423,Chrompet,1024,195,3,1,3057080
P05820,T Nagar,1512,90,4,0,5553630
P01309,Chrompet,723,16,2,1,2602560
P04343,Karapakkam,876,155,2,0,2025280
P05167,Adyar,995,105,3,0,2694560
P03621,Chrompet,726,200,2,0,2376620
P01131,T Nagar,1755,173,4,0,6004350
P04092,Adyar,688,101,2,1,1720140
P07035,Adyar,1087,187,3,0,2916300
P04257,Adyar,1146,103,3,1,3660400
P00928,Anna Nagar,1710,92,4,1,5461760
P09597,Velachery,1533,109,4,1,3273850
P09744,Velachery,1596,132,4,1,5229730
P08951,Chrompet,742,39,2,0,2099980
P03143,Karapakkam,1538,192,4,0,2911720
P00062,Chrompet,724,56,2,0,2062860
P06406,Karapakkam,1216,13,3,0,3803230
P07835,Adyar,938,76,3,1,2677790
P00485,Chrompet,782,132,2,1,2326950
P09288,Chrompet,1160,49,3,0,3950100
P04002,Karapakkam,983,120,3,1,4132180
P04853,Chrompet,1142,99,3,0,2505450
P03361,Karapakkam,1278,15,3,1,4115170
P05281,Velachery,1876,29,5,1,3325810
P06568,KK Nagar,2140,50,5,0,4440800
P07595,Adyar,680,111,2,0,2618800
P02829,KK Nagar,2243,194,6,1,6662530
P03226,Karapakkam,1306,108,3,0,2941900
P03068,T Nagar,1899,167,5,1,3961420
P04223,Chrompet,949,66,3,0,2301510
P01682,Karapakam,544,82,2,1,2565760
P01342,Chrompet,893,175,3,0,2301120
P01954,KK Nagar,1766,144,4,1,4430100
P03346,KK Nagar,1876,33,5,1,5681920
P06090,Karapakkam,747,95,2,1,2726500
P08664,Velachery,1639,22,4,0,3560000
P02701,KK Nagar,2130,62,5,1,4745260
P03668,Chrompet,941,111,3,1,4374460
P05791,Karapakkam,1129,77,3,0,3143950
P04571,Karapakkam,1617,79,4,1,2369960
P04306,KK Nagar,1747,181,4,1,3541410
P06965,Chrompet,1139,145,3,1,2844550
P00968,Chrompet,914,116,3,1,3287590
P07351,Velachery,1615,93,4,1,3155140
P07627,Velachery,1971,71,5,0,4674110
P02263,Karapakkam,1402,54,4,0,1893940
P00900,Chrompet,746,4,2,0,2579180
P05532,Velachery,1945,59,5,0,3741610
P02420,KK Nagar,1851,55,5,0,4110510
P02948,KK Nagar,1776,29,4,1,4588700
P02449,Karapakkam,1639,24,4,0,3936350
P04555,Adyar,960,7,3,0,3330780
P08461,Adyar,1296,53,4,1,5781380
P03817,Adyar,1199,21,3,0,4266460
P01194,T Nagar,1765,56,4,0,5926820
P00096,Chrompet,1212,143,4,0,4167490
P06955,KK Nagar,1693,15,4,1,3679120
P07375,Chrompet,1117,47,3,1,2882830
P01198,Chrompet,1008,0,3,0,2871120
P06393,Chrompet,702,166,2,1,2240190
P00973,T Nagar,1702,168,4,1,7276910
P08413,T Nagar,1837,89,5,1,4180750
P08452,Adyar,1129,44,3,0,3610010
P05808,KK Nagar,2379,86,6,1,8241670
P01732,Karapakkam,1690,46,4,0,3005530
P03265,Karapakkam,811,164,2,0,4182520
P09269,Velachery,1778,168,4,1,5217200
P02005,KK Nagar,2291,106,6,0,4605150
P09884,Velachery,1558,88,4,1,2711850
P03077,Velachery,1671,145,4,0,4060420
P02144,KK Nagar,2236,22,6,1,4946270
P01972,Karapakkam,1115,78,3,1,2166940
P03272,KK Nagar,2264,164,6,1,6442440
P04748,T Nagar,1960,85,5,0,4278650
P09255,T Nagar,1883,182,5,1,5180150
P02072,Karapakkam,1578,100,4,1,5257560
P05111,KK Nagar,2352,145,6,0,8400740
P05943,KK Nagar,2143,68,5,1,3671110
P04135,KK Nagar,1611,39,4,1,7409640
P03351,Velachery,1998,1,5,1,3327320
P02627,Chrompet,882,86,3,0,2608230
P02406,Karapakkam,1301,89,3,1,3197250
P05640,Karapakkam,1348,198,4,1,3999550
P09231,Chrompet,880,149,3,0,3998810
P06390,Chrompet,770,135,2,1,2365760
P08275,KK Nagar,1589,75,4,0,3700030
P00571,Chrompet,760,138,2,0,2124360
P03094,Velachery,1989,128,5,0,5384000
P02145,KK Nagar,1666,187,4,0,5803290
P01403,Chrompet,1274,92,4,1,3011220
P00398,Chrompet,1006,10,3,1,2742300
P05079,Chrompet,924,101,3,1,2980980
P08844,Anna Nagar,1503,12,4,1,3534020
P05122,Velachery,1876,69,5,0,4670920
P02734,T Nagar,1967,123,5,0,3663480
P07188,Velachery,1648,75,4,1,5010390
P05561,Velachery,1566,84,4,1,4557900
P00652,Anna Nagar,1645,150,4,1,4666090
P01072,Chrompet,1148,35,3,1,2626160
P00385,Chrompet,1220,116,4,0,2481490
P05519,Karapakkam,1569,182,4,0,5004690
P01410,Chrompet,736,90,2,0,2370390
P05804,Karapakkam,1429,196,4,1,3042900
P07515,Adyar,1020,78,3,0,4146950
P00691,Chrompet,1192,160,3,0,2314010
P03592,Karapakkam,815,32,2,1,3345410
P09493,Velachery,1522,60,4,0,4179290
P04172,Karapakkam,878,97,2,1,3089000
P01605,Chrompet,1298,152,4,0,2640220
P03956,Karapakkam,1365,54,4,0,2733400
P05076,Karapakkam,1134,79,3,1,3956460
P05695,Anna Nagar,1815,164,5,1,4936640
P00993,Chrompet,979,26,3,1,3515380
P02468,Karapakkam,1605,73,4,0,4861000
P06320,Karapakkam,1026,62,3,0,1734500
P02001,Karapakkam,1580,193,4,1,5641920
P08770,Chrompet,985,16,3,0,2469690
P00229,T Nagar,1583,1,4,0,6798600
P06646,Karapakkam,1677,185,4,1,5294320
P04466,Karapakkam,1189,92,3,1,3629930
P05793,Velachery,1599,32,4,0,2835850
P01750,Velachery,1509,32,4,1,3409570
P09131,Adyar,1070,38,3,0,2785970
P02168,Velachery,1710,3,4,1,3031760
P02511,Adyar,755,160,2,1,2213980
P07343,Chrompet,1228,131,4,0,2778630
P01376,T Nagar,1878,118,5,0,6246380
P07422,KK Nagar,1486,118,4,1,5760670
P01769,Karapakkam,1546,167,4,1,3205260
P08586,Velachery,1812,139,5,0,3419540
P06488,Karapakkam,1648,131,4,0,2828700
P01230,Chrompet,1148,80,3,0,2482080
P02908,Chrompet,723,4,2,0,1936160
P08831,T Nagar,1805,74,5,0,5912550
P03288,Velachery,1567,2,4,0,5095050
P00680,Chrompet,796,161,2,0,1815060
P02031,Adyar,867,34,3,1,2475980
P04875,Karapakkam,1207,195,3,0,2788520
P07956,KK Nagar,2417,82,6,0,3847940
P08447,Adyar,981,121,3,1,2934320
P05865,Chrompet,1231,78,4,1,2810070
P09672,Velachery,1864,134,5,0,5662440
P09920,Velachery,1912,114,5,0,2788210
P04910,Karapakkam,1409,35,4,0,3172000
P00162,Chrompet,1225,156,4,0,3487190
P01825,KK Nagar,2001,145,5,0,3304490
P05292,Chrompet,738,47,2,0,2431800
P02712,Chrompet,1088,190,3,0,3169200
P07747,Chrompet,733,84,2,0,2625510
P07472,Anna Nagar,1973,131,5,0,3406540
P00068,T Nagar,1683,3,4,0,4446220
P00750,Chrompet,1289,62,4,1,5179140
P01938,KK Nagar,1302,200,3,1,5423610
P08240,Chrompet,1089,200,3,0,2551720
P05994,Karapakkam,1386,19,4,1,3717240
P00744,Chrompet,1238,154,4,1,3626400
P00792,T Nagar,1607,153,4,1,5006680
P04083,Karapakkam,847,52,2,0,2223240
P01744,KK Nagar,2444,135,6,1,4313000
P03503,T Nagar,1522,98,4,1,3322890
P04256,Karapakkam,965,48,3,1,2438310
P05332,Karapakkam,1622,172,4,1,3819050
P04078,KK Nagar,1668,17,4,0,4755200
P06574,KK Nagar,2290,18,6,0,6716960
P04752,Karapakkam,1561,189,4,1,3822620
P03316,Karapakkam,1541,29,4,1,4187930
P07291,KK Nagar,1628,17,4,0,4422100
P07280,KK Nagar,1358,142,4,0,5376390
P04397,Karapakkam,1469,154,4,1,2601930
P02025,Chrompet,928,165,3,1,3618020
P09003,Velachery,1782,158,4,0,5902900
P03088,KK Nagar,1588,1,4,0,2870660
P05216,KK Nagar,1895,175,5,1,5089640
P00823,T Nagar,1567,41,4,0,3072870
P07932,Anna Nagar,1702,79,4,0,5163850
P02680,KK Nagar,1309,95,3,1,5737760
P03407,Karapakkam,1533,35,4,1,4918200
P06860,Adyar,1289,4,4,1,4250600
P06832,KK Nagar,1364,140,4,1,2842630
P00361,T Nagar,1676,1,4,0,6759070
P06394,Chrompet,1096,141,3,1,2745380
P03881,Karapakkam,971,194,3,1,2561330
P02725,Karapakkam,863,128,2,0,3349100
P00544,Anna Nagar,1953,118,5,1,5668210
P08809,Velachery,1655,103,4,0,3725780
P02307,KK Nagar,1482,10,4,1,4427540
P08485,Velachery,1804,191,5,1,3622420
P09159,Anna Nagar,1802,107,5,1,5439100
P01398,T Nagar,1535,78,4,1,2628850
P02495,Karapakkam,1393,117,4,1,2379620
P08769,Chrompet,1048,94,3,1,2440330
P00458,Chrompet,960,96,3,1,3093420
P05850,T Nagar,1709,24,4,1,6678180
P06648,Chrompet,1168,145,3,0,2525180
P05003,Karapakkam,1380,95,4,1,3216890
P03602,KK Nagar,1710,160,4,1,7232120
P03201,Karapakkam,1447,34,4,1,3671090
P00489,Anna Nagar,1537,21,4,0,4117520
P06958,Chrompet,724,91,2,1,2125650
P04750,KK Nagar,1495,192,4,1,3430060
P06660,KK Nagar,1362,114,4,1,4153040
P04403,Chrompet,1150,136,3,0,3493730
P04175,Adyar,1212,200,4,0,3701810
P07433,KK Nagar,1886,96,5,0,4203070
P03525,Chrompet,994,188,3,1,2684150
P09373,Chrompet,862,151,3,0,1831300
P05845,Karapakkam,1217,198,3,1,2865930
P05717,Karapakkam,1676,36,4,0,4343880
P00953,Chrompet,1283,62,4,1,3189920
P01301,T Nagar,1841,56,5,0,3194840
P07032,Adyar,759,118,2,1,2288450
P09312,Velachery,1532,156,4,1,2446660
P02357,Velachery,1714,31,4,1,4281600
P00029,Anna Nagar,1505,175,4,0,3518720
P06760,KK Nagar,1886,192,5,0,4857780
P03206,Velachery,1537,84,4,0,3667430
P08261,Velachery,1686,100,4,1,4222490
P07838,KK Nagar,1533,108,4,1,6551780
P03558,Anna Nagar,1565,64,4,1,3895800
P03700,Karapakkam,1098,175,3,1,3208730
P06412,KK Nagar,1434,4,4,1,5405390
P04043,KK Nagar,2176,58,5,0,3869560
P03850,KK Nagar,1596,186,4,0,3207380
P05426,Karapakkam,987,77,3,0,2686270
P00178,Chrompet,1036,115,3,0,2269710
P03363,Chrompet,863,152,3,1,3103080
P01018,Anna Nagar,1960,26,5,0,4944190
P00572,Chrompet,771,87,2,1,2903230
P02373,Chrompet,1015,32,3,1,3290250
P04813,Karapakkam,1509,22,4,0,3025670
P05372,Karapakkam,1059,80,3,1,2289020
P04285,Karapakkam,1398,175,4,1,4289140
P00459,Anna Nagar,1633,119,4,1,4748560
P02208,Chrompet,829,170,3,0,1627610
P08567,Velachery,1857,65,5,0,2701620
P07415,Anna Nagar,1988,82,5,1,7843690
P02413,KK Nagar,1552,135,4,0,4226000
P02586,Karapakkam,1404,134,4,0,3918500
P05842,Chrompet,1007,85,3,1,2941000
P05225,Velachery,1617,180,4,0,5085950
P03024,Karapakkam,1382,172,4,0,3723830
P04596,Karapakkam,566,28,2,0,1188680
P01389,Anna Nagar,1939,13,5,1,4013070
P03708,Velachery,1528,65,4,0,2491590
P08783,Adyar,1288,137,4,0,3093760
P06624,Chrompet,1247,184,4,0,4156000
P02243,KK Nagar,2217,41,5,0,7760160
P00020,Chrompet,753,57,2,0,1793470
P05876,Karapakkam,1180,54,3,0,2674980
P07232,Adyar,1079,81,3,1,2611130
P02855,Velachery,1618,115,4,1,3953100
P09303,Adyar,878,126,3,1,3481770
P02015,Karapakkam,1640,150,4,1,3220470
P05454,KK Nagar,1537,110,4,0,6291790
P07348,T Nagar,1510,90,4,1,4587630
P03637,Anna Nagar,1543,71,4,1,3962830
P00263,Chrmpet,1261,179,4,0,2030440
P02270,Anna Nagar,1607,16,4,0,4531940
P06691,Adyar,1178,80,3,0,2581170
P04068,Karapakkam,660,45,2,0,2708260
P04812,Chrompet,974,67,3,0,2485820
P05806,KK Nagar,1851,111,5,0,7749450
P08297,Chrompet,722,26,2,1,2869800
P09086,Anna Nagar,1719,54,4,0,8149460
P00775,Chrompet,989,97,3,1,3352940
P06970,Velachery,1988,19,5,0,5590390
P07630,Adyar,712,170,2,0,2988570
P06558,Karapakkam,696,73,2,0,1524940
P01847,Karapakkam,1242,191,3,1,4675710
P04412,Karapakkam,911,47,3,0,2031660
P05028,Velachery,1703,78,4,0,2983540
P04089,Karapakkam,884,115,2,0,1596180
P03672,Chrompet,1063,28,3,1,2786510
P05147,Adyar,795,46,2,1,3011450
P08288,Chrompet,1148,106,3,1,3310700
P01330,Chrompet,916,187,3,1,3563330
P04020,Chrompet,1041,28,3,1,2699670
P07516,Adyar,925,22,3,0,3127910
P03129,KK Nagar,2170,98,5,1,5096990
P07204,Chrompet,989,182,3,1,4457940
P02045,Chrompet,1170,129,3,0,2549530
P08996,T Nagar,1967,198,5,1,4959580
P00574,Chrompet,1166,9,3,0,2469610
P02149,KK Nagar,2199,167,5,0,3996190
P09851,Velachery,1894,13,5,1,5343600
P00509,Anna Nagar,1910,158,5,1,9001070
P00136,T Nagar,1746,119,4,0,4985980
P02618,Anna Nagar,1899,151,5,1,4104200
P07265,Adyar,1111,50,3,0,3065170
P00855,T Nagar,1897,38,5,1,6002840
P03046,Karapakkam,1263,136,3,1,3544980
P10026,Velachery,1672,7,4,1,3232940
P00177,Chrompet,823,28,3,1,2764130
P09301,Adyar,636,102,2,1,2778240
P03284,Karapakkam,1461,157,4,0,2651700
P06088,Chrompet,1085,184,3,0,2180430
P01106,Chrompet,767,5,2,0,2256070
P05623,Velachery,1740,4,4,1,4139020
P01357,Anna Nagar,1548,119,4,1,6319930
P00215,Anna Nagar,1526,89,4,0,5490720
P05023,Anna Nagar,1627,105,4,0,5523240
P02983,Karapakkam,1585,36,4,0,2343600
P05782,Adyar,1011,200,3,1,2875170
P05733,Velachery,1729,182,4,1,5694310
P02670,Karapakkam,1507,132,4,1,3203810
P08342,Chrompet,941,17,3,1,2697410
P09732,Velachery,1646,111,4,1,4090250
P05262,KK Nagar,2182,90,5,0,4607340
P05661,Karapakkam,1362,139,4,1,3929090
P07639,Anna Nagar,1509,194,4,0,3109550
P08096,Chrompet,1045,79,3,0,3933040
P09511,Anna Nagar,1646,61,4,1,4577520
P00822,Chrompet,1191,10,3,1,3475310
P06290,Velachery,1702,18,4,1,3447020
P06505,Anna Nagar,1920,93,5,0,4160650
P07653,KK Nagar,1732,31,4,1,3887960
P06447,T Nagar,1839,58,5,0,5775570
P04980,Karapakkam,1661,38,4,1,3496820
P05638,Anna Nagar,1678,49,4,1,3492700
P07544,KK Nagar,1308,178,3,0,3745960
P01335,Chrompet,837,17,3,1,2877630
P05311,Chrompet,826,160,3,1,2427220
P03627,Karapakkam,1691,151,4,1,4017030
P03784,Karapakkam,720,49,2,1,2676870
P01464,Anna Nagar,1607,0,4,0,5025460
P01171,Chrompet,1277,52,4,1,2845560
P07123,KK Nagar,1464,116,4,1,3353900
P09662,Velachery,1968,32,5,1,5133400
P03540,Velachery,1576,19,4,0,2905960
P05302,Karapakkam,877,56,2,1,3025800
P08705,Adyar,1118,164,3,1,2711220
P06665,Chrompet,844,11,3,0,1656630
P04037,Karapakkam,1045,66,3,1,3819690
P00325,Chrompet,998,167,3,0,2667920
P08837,Chrompet,1136,65,3,0,3843490
P05445,Karapakkam,1642,112,4,0,5462100
P00292,Chrompet,897,196,3,1,2643770
P05044,Karapakkam,1383,1,4,1,5013430
P03002,Adyar,732,41,2,1,1952600
P05551,KK Nagar,1512,57,4,1,4336180
P01037,T Nagar,1709,86,4,1,6733200
P02316,Karapakkam,1442,22,4,0,3633130
P07532,KK Nagar,2185,20,5,0,7169520
P02051,Karapakkam,1660,107,4,1,3836720
P00817,Chrompet,964,60,3,0,3269670
P05975,Karapakkam,718,38,2,1,3177810
P09942,Velachery,1507,94,4,1,2486560
P00488,Chrompet,837,0,3,1,3229860
P03977,Velachery,1542,141,4,1,3097470
P07179,Chrompet,1125,109,3,0,3820200
P04074,Adyar,1036,142,3,1,3088910
P04318,Anna Nagar,1886,18,5,0,5463090
P07771,Chrompet,907,108,3,0,3316910
P06431,T Nagar,1790,153,4,0,3370650
P00647,Chrompet,991,4,3,1,4456580
P03725,KK Nagar,2076,115,5,1,4830430
P00359,T Nagar,1964,181,5,1,5169240
P03884,Karapakkam,836,54,2,1,2830750
P04772,Karapakkam,812,131,2,1,2179770
P04202,Adyar,876,39,3,1,2838030
P07384,Velachery,1647,84,4,1,4235670
P09375,Velachery,1837,195,5,0,2971120
P02603,Adyar,906,83,3,1,3025950
P05744,Velachery,1516,176,4,1,3960380
P00454,Chrompet,749,97,2,1,2698320
P03580,Chrompet,706,70,2,1,3145680
P01351,Chrompet,1226,115,4,0,3236500
P05632,Adyar,809,40,3,0,3250190
P02658,KK Nagar,2351,111,6,0,5611750
P03487,Anna Nagar,1683,78,4,0,3885540
P05745,Adyar,735,171,2,1,2690530
P08616,T Nagar,1887,92,5,1,7878870
P00575,Chrompet,1113,36,3,1,2675010
P00782,Anna Nagar,1744,91,4,0,4508490
P09266,Adyar,657,59,2,0,1917020
P05541,Velachery,1609,52,4,1,3114040
P07213,Chrompet,915,194,3,0,3725840
P03123,Adyar,1211,130,4,0,2652740
P01741,Adyar,1131,153,3,0,2675540
P04336,KK Nagar,1488,156,4,0,4614650
P02060,KK Nagar,2377,85,6,0,7440590
P04800,Adyar,1271,67,4,1,3836510
P01707,Adyar,888,126,3,1,2787220
P06617,Chrompet,701,77,2,1,2196040
P08260,KK Nagar,1551,107,4,1,3464500
P07352,Chrompet,1129,25,3,1,3403920
P01510,Karapakkam,1023,17,3,1,1527330
P06564,Karapakkam,1448,40,4,1,6026920
P08889,Chrompet,976,62,3,1,2523320
P07268,Velachery,1835,66,5,0,4181990
P08641,Adyar,1016,63,3,0,4352610
P03743,Velachery,1804,14,5,0,2820900
P08861,Chrompet,1202,16,4,0,2990160
P07687,Chrompet,828,121,3,1,2922980
P06080,Karapakkam,1221,178,3,0,1868720
P01691,Karapakkam,1150,10,3,1,3725470
P03308,Karapakkam,1029,22,3,0,3042880
P00113,T Nagar,1531,41,4,0,3602940
P04949,Chrompet,725,43,2,0,2718560
P04243,Karapakkam,1084,135,3,1,4306160
P04199,KK Nagar,2280,192,6,1,3795650
P02919,Velachery,1782,167,4,1,4510940
P06267,Chrompet,1041,32,3,0,2000610
P07383,KK Nagar,1808,167,5,0,4503470
P05429,KK Nagar,1590,186,4,0,6235390
P07746,Chrompet,729,142,2,0,2616610
P08241,Anna Nagar,1978,161,5,1,4023620
P00774,Chrompet,1257,53,4,0,2983840
P02143,Adyar,1104,41,3,1,5161610
P00054,Anna Nagar,1933,29,5,0,4792090
P05676,Chrompet,1294,62,4,0,3146350
P05875,Karapakkam,796,68,2,0,1663920
P05395,Adyar,1030,16,3,1,4137810
P07026,Chrompet,1023,71,3,1,2448080
P09598,Velachery,1802,45,5,0,2937040
P09339,T Nagar,1799,125,4,1,5556970
P03381,Karapakkam,1143,16,3,0,2782350
P08655,Chrompet,1300,183,4,1,3555960
P02719,Karapakkam,841,66,2,0,2525990
P06426,Chrompet,988,190,3,1,3145730
P06890,KK Nagar,2059,24,5,1,4370360
P02086,Karapakkam,1397,99,4,0,2582220
P00830,Chrompet,933,17,3,0,1798840
P06941,KK Nagar,2124,154,5,0,8116720
P02557,Karapakkam,1665,41,4,0,4491530
P07158,Velachery,1588,134,4,0,5203980
P08899,Chrompet,1110,119,3,1,2647850
P10027,Velachery,1853,138,5,1,3281700
P03382,Karapakkam,596,45,2,0,1244530
P02619,Karapakkam,1412,81,4,0,4945810
P01966,Chrompet,1244,193,4,1,4548520
P01898,KK Nagar,1851,178,5,0,7176870
P08328,T Nagar,1845,58,5,0,4854060
P08153,Adyar,815,19,3,0,3403720
P03374,Karapakkam,973,195,3,1,2272570
P02884,Karapakkam,1430,162,4,1,4921630
P04956,Karapakkam,1674,180,4,0,3088680
P03101,Chrompet,1036,34,3,0,2290280
P02129,Karapakkam,1626,45,4,0,3633000
P08409,Anna Nagar,1807,98,5,0,3521370
P04789,Velachery,1814,182,5,1,3650980
P06595,Anna Nagar,1834,89,5,0,5120390
P08818,Anna Nagar,1774,186,4,1,6688940
P00049,Anna Nagar,1519,147,4,1,6554120
P08666,Chrompet,1222,173,4,0,3857240
P05554,Velachery,1504,99,4,0,4194150
P07193,KK Nagar,2414,129,6,1,6580510
P09408,Adyar,897,77,3,1,3782180
P04719,Velachery,1996,155,5,1,3843150
P04932,Velachery,1665,24,4,0,2348150
P08708,Anna Nagar,1768,1,4,1,7376170
P02340,KK Nagar,1602,32,4,0,6050900
P03249,KK Nagar,2461,102,6,0,4949720
P06831,KK Nagar,1830,134,5,0,4216720
P08001,Chrompet,823,14,3,0,2384610
P03973,Karapakkam,677,19,2,1,1519180
P00444,Chrompet,875,159,3,1,3474240
P04158,Velachery,1581,99,4,0,3246000
P05855,KK Nagar,2330,16,6,1,4637030
P07262,KK Nagar,2284,86,6,0,4507050
P05559,Karapakkam,632,134,2,1,2183420
P05021,Adyar,966,130,3,1,3423660
P04934,KK Nagar,2277,0,6,0,7404730
P04829,Karapakkam,675,113,2,0,2596590
P00660,Chrompet,755,20,2,1,2897180
P03892,KK Nagar,1395,163,4,1,4377640
P01406,Chrompet,722,0,2,0,2526310
P01094,Chrompet,982,91,3,1,2566090
P05683,Velachery,1814,160,5,0,3543250
P07631,Chrompet,1123,199,3,0,2858550
P00484,Anna Nagar,1639,74,4,0,4721320
P05440,Karapakkam,910,139,3,0,2858240
P04666,Anna Nagar,1814,176,5,1,4717850
P08189,Adyar,732,108,2,0,3420980
P09308,Velachery,1661,68,4,0,2199790
P05750,KK Nagar,1601,180,4,0,4634680
P00197,Chrompet,791,70,2,1,3742560
P01039,Chrompet,1159,171,3,0,3177350
P09092,Velachery,1616,136,4,0,2572700
P06411,Chrompet,767,25,2,0,2396800
P04634,Karapakkam,650,149,2,1,2880270
P09504,Anna Nagar,1580,112,4,0,5688070
P01248,Chrompet,757,176,2,0,2441040
P00972,T Nagar,1897,42,5,0,4887330
P00715,Chrompet,1023,157,3,0,3093060
P02242,T Nagar,1632,67,4,0,3615130
P07921,Chrompet,913,148,3,1,2407400
P00696,Chrompet,1251,66,4,0,3809320
P08880,Chrompet,907,34,3,1,2617120
P07657,Adyar,1078,29,3,0,2260140
P06355,Karapakkam,908,152,3,0,2300850
P06033,Karapakkam,1635,18,4,0,2488540
P00383,Chrompet,705,42,2,0,1887820
P09085,T Nagar,1681,109,4,0,6718640
P06524,Karapakkam,1276,25,3,0,2729270
P01567,KK Nagar,2100,65,5,1,4650520
P09132,Chrompet,756,145,2,0,2000430
P00940,T Nagar,1966,54,5,0,4890820
P08171,Anna Nagar,1722,7,4,1,5141640
P00456,T Nagar,1626,72,4,0,4840990
P04128,Velachery,1981,164,5,0,2393830
P02328,Anna Nagar,1728,23,4,1,4004680
P00793,Anna Nagar,1943,187,5,1,4655700
P02409,KK Nagar,1417,37,4,0,2797140
P01064,Chrompet,1183,185,3,1,4374330
P05038,KK Nagar,1357,5,4,0,3715240
P05479,Chrompet,870,29,3,0,2267460
P00326,Chrompet,799,7,2,1,2543070
P00974,Chrompet,799,183,2,1,2379850
P05278,KK Nagar,1923,132,5,1,4021070
P08168,Chrompet,949,190,3,1,2863390
P05103,KK Nagar,2259,193,6,1,4901860
P04646,KK Nagar,1497,99,4,0,4137590
P08299,Anna Nagar,1582,5,4,0,4272460
P00859,Chrompet,1212,6,4,1,3150410
P02708,Karapakkam,591,28,2,1,2147400
P09223,Chrompet,1156,60,3,1,2657190
P03765,Chrompet,850,33,3,0,2718130
P03835,Anna Nagar,1882,104,5,1,4371040
P02787,KK Nagar,2020,129,5,1,5550290
P00567,Anna Nagar,1712,150,4,0,8132640
P01184,Anna Nagar,1765,28,4,1,8308140
P04181,Karapakkam,1024,46,3,1,2685150
P01221,Anna Nagar,1694,199,4,1,4642360
P09360,Velachery,1688,200,4,0,3094300
P07530,Chrompet,869,30,3,0,3223260
P04603,Karapakkam,1309,131,3,0,2969510
P01306,Chrompet,856,132,3,1,2724710
P08283,Anna Nagar,1571,148,4,1,6552620
P05162,T Nagar,1536,110,4,0,3382340
P09889,Velchery,1749,143,4,1,4286710
P09432,Chrompet,1216,59,4,1,2944720
P01524,KK Nagar,2421,21,6,0,8508220
P07172,Velachery,1590,15,4,1,4445880
P03266,Karapakkam,1557,120,4,1,3145620
P07889,Adyar,1216,190,4,1,3836960
P04431,Karapakkam,1507,174,4,0,3323780
P01797,Karapakkam,1147,162,3,1,3350160
P00268,Chrompet,1142,96,3,0,3716220
P08897,Chrompet,1004,87,3,0,3908600
P04788,Karapakkam,523,38,2,1,2954450
P08215,Chrompet,771,161,2,0,3379550
P03595,KK Nagar,1565,124,4,0,4568430
P01202,Chrompet,1270,99,4,0,3755150
P01297,T Nagar,1975,140,5,0,4373150
P00618,Anna Nagar,1777,168,4,0,5036640
P05952,KK Nagar,2484,138,6,1,6712210
P00102,T Nagar,1975,141,5,1,5215630
P09921,Velachery,1950,93,5,1,5463730
P09040,Chrompet,1193,2,3,1,4311810
P01561,T Nagar,1581,33,4,1,5903320
P03040,Karapakkam,1593,1,4,1,4998210
P01726,Karapakkam,1558,70,4,1,2871980
P08303,KK Nagar,1517,151,4,1,4734910
P08679,Adyar,1279,30,4,0,2730620
P00044,Chrompet,1246,127,4,0,3615960
P03533,Karapakkam,1050,56,3,0,2185760
P04424,Velachery,1888,19,5,1,3255620
P04909,KK Nagar,2400,12,6,1,6392380
P00235,Anna Nagar,1569,167,4,1,3085200
P05419,Karapakkam,1605,198,4,0,3894420
P05054,Chrompet,1280,94,4,1,2637660
P03596,Karapakkam,920,187,3,0,2281130
P07307,T Nagar,1687,35,4,1,4550230
P05807,KK Nagar,1609,3,4,0,3694630
P05815,Karapakkam,1530,29,4,0,2229230
P09586,Velachery,1621,191,4,0,4081790
P07811,Velachery,1852,99,5,0,2906610
P06349,Velachery,1629,190,4,0,2088310
P02253,Karapakkam,1374,154,4,0,3136660
P02795,KK Nagar,2398,52,6,1,6032750
P06160,Karapakkam,664,51,2,0,807920
P00762,Anna Nagar,1704,24,4,1,6231510
P00731,Anna Nagar,1746,21,4,0,4597200
P02460,Karapakkam,1439,20,4,0,3610870
P03135,Chrompet,1283,142,4,1,4185290
P00013,Chrompet,1187,38,3,1,2503200
P02202,Velachery,1742,49,4,1,3210600
P05706,T Nagar,1543,64,4,1,6977780
P06135,Velachery,1807,140,5,0,3116730
P05349,KK Nagar,2104,20,5,1,5632690
P06331,Karapakkam,677,114,2,1,2933330
P03673,Anna Nagar,1744,45,4,0,2974010
P07108,KK Nagar,1502,38,4,0,4475130
P03471,Adyar,701,194,2,1,3074090
P06194,Adyar,808,169,3,0,3393710
P05433,Chrompet,743,186,2,0,2078310
P03263,Chrompet,1065,116,3,1,3014000
P05463,Velachery,1870,179,5,0,3789480
P02095,Adyar,1092,84,3,1,2734660
P04411,Karapakkam,518,32,2,0,1861020
P02266,Anna Nagar,1929,71,5,0,4471480
P04589,Karapakkam,573,65,2,1,2448320
P02187,Adyar,1174,80,3,1,5135940
P03438,Velachery,1665,122,4,1,4260750
P09224,Chrompet,749,106,2,0,2818180
P08410,Adyar,1044,61,3,0,2830250
P09790,Velachery,1693,6,4,1,3627670
P09729,Velachery,1790,126,4,0,3873460
P04857,Karapakkam,566,66,2,1,3746890
P06887,Chrompet,925,90,3,0,3491960
P04640,Karapakkam,914,43,3,1,3587900
P00207,Chrompet,1223,128,4,0,3185820
P03508,Karapakkam,1371,60,4,0,2507860
P05938,Adyar,702,70,2,0,1957700
P03547,Velachery,1509,143,4,1,5246420
P05288,Karapakkam,886,8,2,0,2484090
P05420,Karapakkam,526,75,2,0,1519120
P02326,Adyar,789,17,2,1,4475770
P06785,Velachery,2000,72,5,0,3540430
P07151,Anna Nagar,1644,62,4,0,3229440
P04014,KK Nagar,1545,142,4,0,6467420
P08263,Adyar,1240,130,4,0,3901960
P07365,KK Nagar,2316,193,6,1,6290000
P09960,Velachery,1959,35,5,1,3255360
P02196,Karapakkam,1187,96,3,0,3189590
P07441,Chrompet,1032,10,3,1,2215990
P09069,Velachery,1643,42,4,1,5461230
P05937,Velachery,1591,142,4,1,2534660
P05930,KK Nagar,1742,143,4,0,3849720
P01100,Chrompet,1295,190,4,1,3524680
P03395,Adyar,949,98,3,1,4050210
P07971,KK Nagar,1542,65,4,1,3706590
P04746,Adyar,709,89,2,1,3061980
P08162,Chrompet,809,196,3,1,3367760
P07666,Adyar,607,143,2,1,2865810
P04537,Karapakkam,844,62,2,0,3190300
P03593,T Nagar,1689,71,4,1,4996170
P01054,Anna Nagar,1578,179,4,1,5141460
P07884,Velachery,1914,97,5,1,4757620
P01290,Chrompet,1085,159,3,1,3064300
P00320,T Nagar,1678,38,4,0,4421510
P04621,Karapakkam,1293,24,3,1,2610950
P03877,T Nagar,1534,62,4,1,5407870
P06541,Anna Nagar,1581,13,4,0,3160340
P08952,Chrompet,705,168,2,1,2479390
P04902,Chrompet,1076,51,3,0,2078010
P01800,Velachery,1926,139,5,0,3419940
P08866,T Nagar,1627,52,4,1,4575110
P04898,Karapakkam,822,122,2,0,3241150
P09112,Velachery,1808,170,5,0,3973880
P04962,T Nagar,1626,22,4,1,4134070
P09567,Velachery,1553,160,4,1,4492050
P04072,Karapakkam,870,96,2,1,3545800
P07859,Anna Nagar,1792,155,4,0,4245600
P09852,Velachery,1722,139,4,1,3657540
P09042,T Nagar,1923,48,5,1,5173650
P01141,Chrompet,1070,136,3,0,2653040
P00805,Chrompet,723,181,2,1,2621850
P05860,T Nagar,1902,11,5,1,6240160
P03638,KK Nagar,2026,110,5,0,8422920
P05972,Anna Nagar,1798,34,4,1,3501720
P09829,Velachery,1931,45,5,1,6195300
P07286,KK Nagar,1975,172,5,0,3746780
P01416,Chrompet,1197,33,3,0,2079540
P02104,Adyar,683,98,2,1,3087730
P03028,Karapakkam,1128,197,3,1,3379110
P07450,Chrompet,1151,170,3,1,2058260
P08176,Chrompet,1098,124,3,0,2722320
P06305,Karapakkam,1024,15,3,0,3198390
P01242,Chrompet,1212,28,4,1,4225050
P02341,KK Nagar,1887,80,5,0,3783800
P01842,Karapakkam,889,178,3,1,2173190
P06403,Chrompet,1157,46,3,0,2641530
P07301,Chrompet,753,4,2,1,2487630
P09454,Chrompet,784,158,2,0,2505120
P02514,Adyar,672,195,2,1,2136400
P01440,Adyar,783,160,2,1,3638920
P07960,KK Nagar,1947,75,5,0,3688700
P07390,KK Nagar,1414,61,4,0,3514600
P08137,Adyar,949,168,3,0,4419100
P02599,Velachery,1511,54,4,1,4253890
P07625,KK Nagar,1515,149,4,0,3508510
P07970,T Nagar,1589,104,4,1,4721400
P00038,Anna Nagar,1655,10,4,1,4705910
P07030,Velachery,1576,133,4,1,3319590
P03591,KK Nagar,2500,43,6,0,4270780
P00492,Chrompet,1258,196,4,0,2701560
P05265,Chrompet,948,84,3,1,3592060
P09261,Velachery,1734,134,4,0,3193470
P09858,Velachery,1690,60,4,1,3540560
P04062,Karapakkam,738,108,2,0,2197650
P00260,Chrompet,1168,79,3,1,3973060
P01610,Karapakkam,523,127,2,1,3577820
P05645,KK Nagar,1356,80,4,1,3518140
P00336,Anna Nagar,1867,178,5,1,5740460
P07797,Velachery,1913,164,5,1,4597500
P02312,Anna Nagar,1905,118,5,0,3733750
P04276,Chrompet,1270,74,4,1,3606160
P05730,Adyar,1283,90,4,1,4853670
P02704,T Nagar,1507,123,4,1,5297980
P00232,Chrompet,821,49,3,0,2342340
P07615,Adyar,758,38,2,0,3006010
P06795,T Nagar,1937,58,5,0,4495610
P06949,Chrompet,1116,80,3,0,2288840
P04559,KK Nagar,1527,84,4,0,3909760
P05689,KK Nagar,1551,67,4,1,5428390
P04881,T Nagar,1729,72,4,0,5743980
P05848,Karapakkam,1462,53,4,1,3295160
P05839,Velachery,1645,81,4,1,3861600
P04496,Velachery,1918,161,5,1,5160950
P08638,T Nagar,1872,35,5,0,8246200
P09949,Velachery,1933,100,5,1,3465000
P09995,Velachery,1607,193,4,1,3372170
P08243,KK Nagar,1510,190,4,0,3452890
P02538,Velachery,1817,156,5,0,3718940
P07590,Anna Nagar,1527,68,4,1,2884590
P00710,Anna Nagar,1933,100,5,1,6137000
P02942,Adyar,1279,5,4,1,2947810
P03092,Karapakkam,907,3,3,1,2453920
P07694,KK Nagar,1405,1,4,1,3233290
P03788,Karapakkam,1129,40,3,0,2998300
P08111,Velachery,1603,87,4,1,3129500
P09810,Velachery,1963,74,5,0,4332350
P06309,Anna Nagar,1997,86,5,0,4944720
P02728,Adyar,939,49,3,1,3818970
P07655,Adyar,905,59,3,1,4515320
P00124,Chrompet,1292,8,4,1,3215850
P02546,Velachery,1703,131,4,0,4898680
P08013,T Nagar,1878,143,5,0,8509260
P01044,Anna Nagar,1534,94,4,1,3006290
P02295,Adyar,747,60,2,1,3244900
P10011,Velachery,1949,169,5,0,4424780
P08259,Chrompet,1011,52,3,0,2709140
P01716,Adyar,740,130,2,1,2807240
P04251,Karapakkam,629,89,2,0,1232180
P08497,Velachery,1730,72,4,0,4942820
P00835,Chrompet,703,77,2,0,2619590
P00996,Chrompet,1209,48,4,1,2507490
P09897,Velachery,1561,171,4,1,3483870
P05993,KK Nagar,2400,197,6,0,7219800
P09757,Velachery,1589,62,4,1,3311060
P04654,KK Nagar,1390,58,4,1,5108550
P03643,Chrompet,883,185,3,0,3189660
P05939,KK Nagar,2423,113,6,0,7102720
P01192,Anna Nagar,1895,197,5,1,4675720
P03238,Chrompet,1201,27,4,0,4249390
P05146,Karapakkam,1092,68,3,0,4420910
P07037,T Nagar,1658,159,4,0,3981540
P07214,KK Nagar,1547,10,4,0,6321020
P01461,Adyar,1162,19,3,1,3613490
P01648,Karapakkam,1401,42,4,0,2036710
P02175,KK Nagar,1558,182,4,0,5664750
P04120,Karapakkam,909,70,3,0,2237540
P05988,Adyar,957,141,3,0,3573890
P05721,Karapakkam,1664,137,4,1,4171680
P04464,Anna Nagar,1650,178,4,0,5134030
P01630,Karapakkam,881,15,2,0,2034380
P00091,Chrompet,746,18,2,1,2678280
P09356,Chrompet,1053,110,3,0,2724280
P02683,Karapakkam,1211,188,3,0,2866960
P03759,Anna Nagar,1990,181,5,0,3546750
P06093,Chrompet,1300,198,4,0,2996110
P03388,Velachery,1655,0,4,1,4703560
P09467,Adyar,710,177,2,0,1778910
P09859,Velachery,1884,189,5,0,2882040
P09609,Velachery,1520,153,4,1,3807590
P04896,KK Nagar,1498,160,4,1,4724160
P05949,Anna Nagar,1892,122,5,1,3999570
P02002,Karapakkam,638,5,2,1,1997570
P06714,Chrompet,780,88,2,0,3133280
P08095,Anna Nagar,1942,49,5,0,3654930
P01638,Karapakkam,1424,171,4,0,4106510
P00202,Chrompet,1225,126,4,1,2809000
P01621,Chrompet,1248,13,4,0,3005420
P09424,Velachery,1773,190,4,1,3451450
P00490,Chrompet,857,38,3,1,3729970
P04205,Karapakkam,1640,89,4,1,4461210
P02379,KK Nagar,2396,61,6,1,4381180
P06620,Karapakkam,1626,10,4,0,4677900
P09646,Velachery,1553,187,4,0,4464110
P05688,KK Nagar,1317,182,3,1,4008570
P08878,Chrompet,759,59,2,0,2251520
P01466,T Nagar,1799,160,4,1,3072780
P01940,Karapakkam,900,145,3,0,2285690
P09840,Velachery,1859,2,5,0,4537650
P03990,Chrompet,1077,83,3,1,4525750
P09602,Velachery,1670,163,4,1,3241980
P09774,Velachery,1922,103,5,1,3562740
P06268,Chrompet,920,94,3,0,2373380
P04017,Karapakkam,1244,15,3,0,2767170
P06385,Karapakkam,1356,132,4,0,5007380
P00024,Chrompet,985,155,3,1,2970920
P02663,Velachery,1908,88,5,0,3672900
P03312,Velachery,1932,76,5,1,4058440
P04039,Chrompet,1022,162,3,1,3456440
P08623,Adyar,1106,163,3,1,2500920
P02068,Adyar,1268,142,4,1,4831550
P00985,Anna Nagar,1630,175,4,1,5526870
P01659,Velachery,1500,9,4,0,3879160
P00104,Anna Nagar,1594,171,4,1,6421850
P02958,KK Nagar,1858,200,5,1,5736490
P07934,Chrompet,1237,197,4,1,5053020
P00440,Chrompet,1292,69,4,1,4378120
P02043,Chrompet,985,95,3,0,3934960
P04689,Velachery,1540,39,4,1,5305830
P02836,Velachery,1975,80,5,0,3288510
P06335,Velachery,1605,191,4,0,4087470
P08934,Chrompet,1043,80,3,0,2429330
P04671,Anna Nagar,1551,146,4,1,4744700
P05317,Karapakkam,794,191,2,0,1395120
P03701,KK Nagar,1389,116,4,0,3051750
P06070,Anna Nagar,1932,197,5,1,5581110
P08116,Adyar,794,133,2,1,2406690
P05140,Chrompet,1242,40,4,0,2423920
P01373,T Nagar,1752,27,4,1,4030710
P02628,KK Nagar,1603,181,4,1,4364010
P04773,Chrompet,703,61,2,1,2455740
P09842,Velachery,1776,121,4,1,6240580
P03099,KK Nagar,2060,40,5,0,6040370
P09083,Adyar,1077,167,3,1,5302920
P03650,KK Nagar,2189,176,5,0,5754560
P03539,Karapakkam,1104,10,3,1,4326420
P03275,Karapakkam,778,77,2,0,1628190
P03380,KK Nagar,1592,148,4,0,5007500
P03937,Karapakkam,537,77,2,0,2237790
P08991,T Nagar,1761,82,4,0,7209120
P00497,Chrompet,843,96,3,1,3268240
P00592,Chrompet,1108,8,3,1,2840500
P06365,KK Nagar,2183,52,5,0,3432530
P00271,Anna Nagar,1675,150,4,1,3948050
P03477,Adyar,951,82,3,0,2095940
P05922,Chrompet,1021,117,3,0,2955730
P08761,Anna Nagar,1723,111,4,0,4014760
P08734,Velachery,1846,35,5,0,3961210
P08183,Chrompet,732,8,2,0,2160380
P07804,Velachery,1531,169,4,1,5042030
P05385,Karapakkam,560,160,2,0,1915830
P02614,Velachery,1752,1,4,0,3106200
P03042,Karapakkam,1173,182,3,0,3179440
P07999,KK Nagar,2327,95,6,1,5903280
P08510,Velachery,1561,9,4,1,4342420
P00318,Anna Nagar,1825,63,5,0,5087740
P03605,T Nagar,1885,187,5,0,4934750
P00417,T Nagar,1602,12,4,0,6997180
P07324,T Nagar,1934,190,5,1,8511780
P07491,Adyar,1288,48,4,0,3488010
P01969,T Nagar,1803,168,5,0,3441640
P03364,Chrompet,1175,128,3,0,4102310
P04864,Karapakkam,760,139,2,0,1758150
P06176,Karapakkam,1344,68,4,0,4122110
P05545,Karapakkam,1413,154,4,1,4813040
P04265,Velachery,1891,155,5,1,6342100
P09759,Velachery,1766,126,4,0,2509850
P01311,Chrompet,1182,81,3,1,3744350
P08957,Chrompet,1267,49,4,1,3603300
P05178,Karapakkam,1130,24,3,1,3982750
P05903,Karapakkam,961,200,3,0,2520550
P08204,KK Nagar,2434,104,6,1,6228170
P09487,Velachery,1787,151,4,0,2355030
P00333,Chrompet,795,63,2,1,1960060
P04429,Karapakkam,597,135,2,0,1288100
P08606,Adyar,1277,183,4,1,3288510
P08521,T Nagar,1710,61,4,1,6904130
P01348,Chrompet,941,30,3,0,1839380
P09547,Adyar,1202,43,4,0,4640940
P01228,Anna Nagar,1933,42,5,0,4857430
P03920,Karapakkam,1370,99,4,1,3495170
P06086,KK Nagar,1399,125,4,1,6255270
P00059,Chrompet,1189,127,3,0,2156450
P02949,Karapakkam,1046,45,3,0,2790690
P06025,Karapakkam,570,151,2,1,2336690
P03424,T Nagar,1738,103,4,1,4228840
P05089,Adyar,1290,112,4,1,4732940
P00348,Chrompet,830,64,3,0,3017140
P09247,Chrompet,1239,190,4,0,2155560
P04547,T Nagar,1686,54,4,1,4611720
P07493,Anna Nagar,1984,172,5,1,8896310
P07052,Velachery,1521,65,4,0,4209750
P09442,Adyar,1057,170,3,0,4256520
P06829,Anna Nagar,1846,144,5,0,5688620
P06388,Adyar,1212,122,4,0,4032970
P04985,T Nagar,1601,123,4,1,4042120
P02152,Chrompet,926,183,3,0,3147030
P01764,T Nagar,1835,21,5,1,5940870
P02666,Adyar,1267,130,4,1,3778480
P01696,Karapakkam,1131,45,3,1,3230770
P02821,Chrompet,855,115,3,0,3929290
P09878,Velachery,1766,125,4,1,4129050
P03075,Karapakkam,543,99,2,1,2977350
P08563,Adyar,907,31,3,1,2439020
P07271,Adyar,1214,100,4,1,3698690
P03483,Velachery,1924,155,5,1,6528160
P09437,Velachery,1916,39,5,1,3039720
P02491,Anna Nagar,1806,43,5,0,3214940
P04193,Karapakkam,1689,175,4,1,4868030
P09716,Velachery,1960,96,5,0,3722040
P05887,Karapakkam,1354,106,4,1,2511800
P04454,KK Nagar,1551,73,4,1,3290860
P06170,Karapakkam,586,197,2,0,1852620
P03530,KK Nagar,1727,46,4,0,4570060
P09877,Velachery,1984,135,5,1,3121390
P06852,KK Nagar,1920,7,5,0,7490080
P05933,KK Nagar,2037,132,5,1,5072340
P00657,Chrompet,772,39,2,1,2233880
P06748,Chrompet,1288,84,4,0,2665390
P07013,Chrompet,985,60,3,0,2811620
P05649,Chrompet,894,25,3,1,3135350
P06061,Velachery,1537,160,4,1,3407470
P02790,Velachery,1813,110,5,1,3982770
P02410,KK Nagar,1589,54,4,1,4791320
P09249,Anna Nagar,1830,30,5,1,5117040
P09635,Velachery,1625,78,4,1,3845900
P08185,KK Nagar,1857,152,5,1,5092250
P03057,Karapakkam,1002,183,3,1,3057360
P00799,Anna Nagar,1877,47,5,1,5393910
P01960,Anna Nagar,1511,33,4,0,7120860
P06526,Adyar,755,60,2,0,2906420
P04692,Karapakkam,877,177,2,1,2326540
P01304,Chrompet,1090,103,3,0,4310780
P05581,Velachery,1684,4,4,0,4225020
P07533,Chrompet,989,104,3,0,2098640
P06659,Anna Nagar,1598,78,4,0,3386100
P03632,Karapakkam,1333,134,4,0,2341570
P09125,Velachery,1654,64,4,0,2934460
P06024,Chrompet,932,199,3,0,2437310
P08040,Anna Nagar,1870,175,5,0,8117780
P03695,Chrompet,1219,67,4,0,2463380
P04735,Karapakkam,677,37,2,1,3492610
P03843,KK Nagar,2085,72,5,0,7806780
P09133,Adyar,1023,116,3,0,3939500
P01261,T Nagar,1557,1,4,1,4201380
P07336,KK Nagar,1487,187,4,0,3451590
P09251,Velachery,1526,65,4,1,4285540
P08057,Chrompet,829,28,3,0,2040590
P04183,Velachery,1735,33,4,1,4179490
P05828,Karapakkam,537,143,2,1,3285350
P04321,Karapakkam,900,1,3,1,2548650
P06605,KK Nagar,2040,129,5,0,7085340
P02259,Chrompet,1221,69,4,1,3733210
P02766,Karapakkam,1174,67,3,1,2176280
P04539,Chrompet,1216,4,4,0,2484350
P09323,Chrompet,1104,131,3,0,2294680
P01776,T Nagar,1635,112,4,0,4879920
P04169,Karapakkam,1659,33,4,0,3810190
P09334,Adyar,855,152,3,1,2108470
P06849,Adyar,908,169,3,0,2420810
P01547,Karapakkam,1066,68,3,1,3388940
P09667,Velachery,1614,23,4,0,4181670
P05792,Karapakkam,1534,70,4,1,3454540
P02909,KK Nagar,2322,93,6,0,5636440
P01540,Karapakkam,838,57,2,1,2840680
P02224,Chrompet,826,83,3,0,2401150
P08378,Anna Nagar,1960,95,5,0,4026660
P09647,Velachery,1702,196,4,0,5206340
P09752,Velachery,1819,188,5,0,2892990
P05337,Karapakkam,534,111,2,0,1632960
P09532,Velachery,1807,153,5,0,3304650
P01637,KK Nagar,1551,14,4,0,4316000
P04036,Chrompet,1264,91,4,1,3385420
P05462,Karapakkam,1237,139,3,1,4181500
P09955,Velachery,1567,30,4,1,4965380
P07991,Chrompet,1245,150,4,0,3282690
P05982,Chrompet,787,0,2,1,2890270
P00547,Chrompet,813,167,3,0,2465920
P09045,Anna Nagar,1864,127,5,0,4123470
P05977,KK Nagar,2414,168,6,0,5639280
P09331,Velachery,1738,11,4,0,3146800
P06474,Karapakkam,763,44,2,0,2534200
P00365,Chrompet,1021,83,3,1,2970210
P09641,Velachery,1846,197,5,1,3232800
P06362,Anna Nagar,1783,124,4,1,3851260
P06140,Chrompet,1194,32,3,0,2526020
P00077,Chrompet,1060,166,3,0,2795080
P02277,Anna Nagar,1757,15,4,1,4352940
P03390,KK Nagar,1646,26,4,1,6763680
P03402,Anna Nagar,1877,71,5,1,4769130
P04776,Anna Nagar,1537,133,4,0,4146420
P00540,Chrompet,721,52,2,0,2307960
P09587,Velachery,1552,52,4,1,4228210
P00313,T Nagar,1962,171,5,0,5231140
P01300,Chrompet,782,96,2,0,1716900
P07577,Velachery,1703,4,4,1,5292600
P03039,KK Nagar,1555,134,4,1,4087380
P05207,Karapakkam,801,174,2,1,2645450
P09494,Chrompet,751,19,2,0,2964470
P08403,Chrompet,771,72,2,1,2521700
P06502,Karapakkam,944,128,3,0,2380770
P06493,Karapakkam,1333,11,4,1,4658620
P00672,Chrompet,1284,166,4,1,3554350
P07302,Anna Nagar,1844,100,5,1,5340320
P09543,Chrompet,958,148,3,0,2059240
P04767,Karapakkam,1588,116,4,1,3985700
P00619,Anna Nagar,1621,163,4,1,3569280
P01077,Chrompet,732,37,2,1,2560500
P07886,Chrompet,725,175,2,0,1863020
P01870,Chrompet,995,59,3,0,3732480
P04065,T Nagar,1690,89,4,0,7543150
P00436,Anna Nagar,1578,59,4,0,3966520
P02284,T Nagar,1962,171,5,1,4837490
P06897,Adyar,1221,55,4,0,4387710
P08502,T Nagar,1747,76,4,1,5814590
P09678,Velachery,1756,24,4,0,2823300
P02345,Karapakkam,1311,188,3,0,3201700
P09644,Velachery,1712,136,4,0,3968220
P04488,Karapakkam,1292,19,3,1,2184750
P09096,Anna Nagar,1751,26,4,1,3554610
P04030,KK Nagar,2049,171,5,1,5861200
P08949,Chrompet,1247,34,4,1,2744730
P08218,Velachery,1607,171,4,1,3096950
P03375,Karapakkam,1185,165,3,1,3621040
P00946,Chrompet,901,46,3,1,2777650
P08398,Adyar,1250,185,4,0,5186050
P08993,Anna Nagar,1804,22,5,0,4107180
P03514,Karapakkam,1419,102,4,0,3170400
P02315,Karapakkam,862,110,2,1,2069860
P02610,Karapakkam,982,188,3,1,2347190
P01214,Anna Nagar,1759,188,4,0,4400260
P06059,KK Nagar,1380,10,4,1,4330380
P00462,Chrompet,993,73,3,1,3314940
P06921,Adyar,1164,66,3,0,4667890
P06800,Chrompet,798,162,2,1,1917130
P04267,Velachery,1510,161,4,0,3642200
P00179,T Nagar,1968,44,5,0,6616050
P01729,Karapakkam,1555,169,4,0,3998560
P03269,Karapakkam,1247,194,3,1,3580170
P02808,Adyar,1300,44,4,0,3365220
P00349,Chrompet,768,125,2,1,1963440
P05032,KK Nagar,1555,123,4,1,6137450
P09747,Velachery,1703,157,4,1,3963340
P10020,Velachery,1674,100,4,0,4862660
P07162,Chrompet,1158,34,3,0,3281590
P04166,Adyar,1051,184,3,0,3861430
P06777,KK Nagar,2490,43,6,1,4407870
P05497,Karapakkam,1236,59,3,0,2165970
P08354,Adyar,1266,17,4,1,4887880
P02912,Chrompet,1092,124,3,0,2128880
P06021,Karapakkam,1566,149,4,0,3669490
P09364,Anna Nagar,1668,187,4,0,4740560
P00693,T Nagar,1602,194,4,1,6309830
P00605,Chrompet,1184,89,3,0,3286600
P04149,Adyar,1266,48,4,0,2712310
P03647,Adyar,1054,138,3,1,3435930
P09228,Anna Nagar,1693,15,4,0,4506670
P03742,Karapakkam,593,57,2,1,2540740
P04327,T Nagar,1923,195,5,0,7326480
P09982,Velachery,1502,28,4,0,4419760
P08632,Chrompet,1121,0,3,0,2208280
P01126,T Nagar,1768,24,4,0,3352600
P03480,KK Nagar,1726,133,4,1,3205960
P04361,Chrompet,1091,137,3,1,2730570
P08349,Chrompet,1196,49,3,1,2842810
P04425,Adyar,1232,128,4,1,3883900
P09455,Velachery,1725,195,4,1,3876970
P03095,Adyar,907,102,3,1,3024220
P04349,KK Nagar,1947,55,5,1,5293030
P08219,Adyar,997,52,3,0,2413170
P04517,Karapakkam,1244,25,3,1,1994480
P00523,Chrompet,1279,18,4,1,4103050
P07874,KK Nagar,2420,153,6,0,5463090
P09907,Velachery,1615,123,4,0,3577390
P05273,KK Nagar,1458,183,4,0,4044000
P08515,Anna Nagar,1568,28,4,1,4780510
P04996,KK Nagar,2278,178,6,1,5892810
P04155,Karapakkam,1064,102,3,0,2330360
P09535,Chrompet,925,12,3,0,3317660
P07983,Chrompet,951,118,3,1,3045610
P07289,Chrompet,1105,75,3,0,2101750
P02058,T Nagar,1943,59,5,0,4406320
P08222,KK Nagar,1384,106,4,1,4457380
P00923,Anna Nagar,1872,126,5,1,5736270
P09081,Chrompet,1267,93,4,1,3091940
P04495,Karapakkam,636,200,2,1,2015060
P04133,Chrompet,883,94,3,1,2714310
P08946,Chrompet,826,89,3,0,2275390
P06224,Velachery,1646,58,4,0,2689510
P04469,Chrompet,1080,112,3,0,2048630
P01839,T Nagar,1543,182,4,0,4597670
P01436,Chrompet,971,176,3,1,3707320
P04224,Karapakkam,607,28,2,0,1974100
P04313,Karapakkam,1512,114,4,1,3203650
P00208,Chrompet,794,162,2,0,1919070
P04491,Karapakkam,1685,125,4,0,4124980
P09160,Velachery,1959,46,5,1,5193380
P04937,Chrompet,1046,96,3,1,2934280
P08542,Chrompet,997,92,3,0,3609750
P01040,Chrompet,743,146,2,1,1719940
P00206,Chrompet,845,74,3,1,2369530
P01945,Chrompet,848,118,3,1,2799850
P07148,Velachery,1884,55,5,0,3142250
P04097,Chrompet,849,52,3,0,2446920
P03434,Chrompet,1265,98,4,1,4645350
P00437,Anna Nagar,1760,153,4,0,3419170
P06956,Chrompet,905,30,3,0,2131280
P05376,Karapakkam,1453,130,4,0,4107720
P02731,Adyar,1247,153,4,1,2720130
P07895,Anna Nagar,1731,34,4,0,3588310
P03804,Chrompet,758,179,2,1,1875140
P05220,Velachery,1569,59,4,0,5219170
P08555,Chrompet,825,80,3,1,2364900
P03209,KK Nagar,1369,56,4,1,3935180
P01819,KK Nagar,2027,151,5,1,4713320
P07646,KK Nagar,1773,100,4,0,3504570
P00344,Chrompet,774,180,2,0,2761020
P04587,KK Nagar,1708,183,4,0,4329710
P09753,Velachery,1792,24,4,0,2881070
P08425,Adyar,1112,135,3,1,2946860
P05084,Karapakkam,1246,177,3,0,2664830
P03563,Chrompet,931,138,3,0,1939160
P01594,Karapakkam,983,186,3,0,2554500
P02339,KK Nagar,1631,21,4,1,4129740
P05555,Adyar,697,39,2,0,2875510
P04721,Adyar,681,198,2,0,2214870
P04093,Chrompet,1050,130,3,1,2777840
P08089,Anna Nagar,1870,58,5,0,3763810
P09378,Adyar,931,154,3,0,2600940
P07421,Anna Nagar,1703,198,4,0,3148260
P01759,Karapakkam,877,195,2,0,2882000
P07167,Adyar,722,127,2,1,3278610
P08437,Chrompet,762,119,2,0,2330310
P04886,Velachery,1510,138,4,1,2879480
P01479,Adyar,749,51,2,0,2639360
P02773,T Nagar,1840,76,5,0,4813260
P08470,Chrompet,784,6,2,1,3325260
P02635,Velachery,1699,30,4,0,4359200
P07872,Anna Nagar,1761,86,4,0,6110390
P03756,Adyar,700,2,2,1,3833440
P09216,Chrompet,830,178,3,1,1797460
P05141,Chrompet,834,158,3,0,2547200
P01509,KK Nagar,1305,4,3,1,5108390
P09721,Velachery,1653,91,4,1,5067270
P06471,Karapakkam,1351,162,4,0,3944710
P07114,Velachery,1576,127,4,1,3706430
P07201,Chrompet,796,24,2,1,2443690
P07279,Anna Nagar,1971,74,5,1,4447210
P03204,KK Nagar,2321,106,6,1,7960480
P08892,Chrompet,700,7,2,1,2555550
P02337,Anna Nagar,1699,5,4,1,4842340
P02354,KK Nagar,1323,93,3,1,6873050
P05088,Velachery,1710,120,4,0,2399810
P04908,Chrompet,838,9,3,0,2246750
P07238,KK Nagar,1805,21,5,1,4572010
P04781,Chrompet,1251,104,4,0,2163880
P05692,Chrompet,1247,123,4,1,3321980
P05453,Adyar,1228,184,4,0,2728950
P05143,Adyar,867,171,3,0,2995600
P07168,T Nagar,1519,191,4,0,5956580
P09853,Velachery,1922,42,5,1,6023860
P08595,Anna Nagar,1883,79,5,1,5786680
P05012,KK Nagar,1906,191,5,0,4675340
P00439,Chrompet,994,159,3,1,3763660
P09120,Velachery,1636,108,4,0,4793040
P03886,Karapakkam,1550,110,4,1,5660670
P02535,Adyar,1090,46,3,0,4343710
P00265,Anna Nagar,1808,180,5,0,4683790
P07202,KK Nagar,2029,39,5,1,4522640
P05788,Adyar,879,31,3,1,3007290
P04560,Karapakkam,1347,174,4,0,2721630
P09735,Velachery,1914,74,5,1,4427700
P02017,KK Nagar,1752,135,4,0,5093320
P08556,Chrompet,904,170,3,1,2976390
P07464,Velachery,1990,133,5,1,3766120
P01730,T Nagar,1934,122,5,0,3524930
P06056,Adyar,909,32,3,1,4787480
P02569,Adyar,1221,189,4,0,4006950
P02742,Karapakkam,688,36,2,1,3378210
P03291,KK Nagar,2379,22,6,0,8342910
P05070,Anna Nagar,1568,23,4,0,3533880
P05397,KK Nagar,1596,122,4,0,2939520
P06672,T Nagar,1678,137,4,1,5131720
P09063,Chrompet,1187,61,3,0,4405070
P03478,Anna Nagar,1732,166,4,0,3222950
P01872,KK Nagar,1534,100,4,0,5848220
P05603,KK Nagar,1327,128,3,0,4326540
P03466,KK Nagar,2245,165,6,1,8109120
P05441,Chrompet,839,76,3,0,2386900
P08898,Chrompet,1071,21,3,1,4101570
P03245,Chrompet,1172,163,3,0,3020240
P02998,Karapakkam,1516,75,4,1,3544590
P04449,Anna Nagar,1976,132,5,1,7217770
P03862,Karapakkam,995,179,3,1,1659870
P02804,Karapakkam,879,189,2,1,2504160
P07671,Chrompet,871,166,3,1,2681500
P00117,Anna Nagar,1669,137,4,1,5206700
P01553,Karapakkam,856,24,2,1,3065680
P00447,Chrompet,1186,149,3,0,2082390
P06178,Karapakkam,1213,180,3,1,4055420
P03984,Adyar,1053,131,3,1,3295710
P04693,Karapakkam,786,21,2,1,2106220
P00060,T Nagar,1888,26,5,0,5832090
P05115,KK Nagar,2210,127,5,1,4810910
P00083,Anna Nagar,1922,76,5,0,3394460
P08198,Adyar,825,70,3,0,2834390
P05593,Karapakkam,932,161,3,0,2852570
P04261,T Nagar,1661,169,4,0,5080620
P09233,Anna Nagar,1540,196,4,0,4652290
P00273,Chrompet,1208,133,4,1,3199830
P08100,KK Nagar,2041,183,5,0,7062370
P05204,Anna Nagar,1530,60,4,1,4840790
P03227,Karapakkam,640,110,2,0,1377410
P07378,Adyar,1226,140,4,1,3975210
P06105,Karapakkam,1462,125,4,1,6204000
P08922,Velachery,1724,10,4,0,5330060
P00503,Chrompet,940,85,3,0,3007080
P07943,Adyar,741,42,2,0,2812080
P08807,T Nagar,1635,195,4,1,5133930
P06960,Adyar,1274,60,4,1,3444700
P07964,KK Nagar,1676,82,4,1,7234510
P01877,Chrompet,1182,120,3,0,2375770
P07498,Chrompet,1105,144,3,1,2863800
P00950,Chrompet,768,57,2,1,2816960
P02037,Chrompet,927,76,3,1,2718330
P02967,Adyar,924,28,3,1,4006440
P02707,Karapakkam,911,42,3,0,1993120
P04395,Velachery,1956,156,5,0,4988490
P07215,KK Nagar,2077,116,5,0,6425390
P05901,Velachery,1991,44,5,0,4180030
P02962,KK Nagar,1726,152,4,0,5441920
P09674,Velachery,1779,6,4,0,5537610
P01273,T Nagar,1525,125,4,0,3227910
P06882,KK Nagar,2484,107,6,1,6005560
P03965,KK Nagar,1366,13,4,1,4891730
P09171,Chrompet,1257,60,4,0,3259550
P03192,Karapakkam,664,78,2,1,1688250
P05892,KK Nagar,2001,177,5,1,5235260
P00287,Chrompet,990,103,3,1,2804420
P07008,Velachery,1573,98,4,1,3029180
P08605,Chrompet,1083,149,3,1,2341160
P03692,Karapakkam,1179,170,3,0,3146470
P07403,Adyar,1120,169,3,0,3887180
P03515,Chrompet,846,100,3,0,2737730
P06680,KK Nagar,2209,85,5,1,4684540
P02182,Karapakkam,573,65,2,0,1562260
P06408,Velachery,1741,69,4,1,4433310
P00536,Anna Nagar,1667,104,4,1,4746250
P06357,Chrompet,813,50,3,0,2091970
P08276,Velachery,1749,192,4,0,4819140
P03412,T Nagar,1676,60,4,0,6272650
P03488,Anna Nagar,1603,73,4,1,5340890
P03320,Anna Nagar,1648,122,4,1,4384100
P08043,Adyar,661,119,2,0,3011720
P08239,Adyar,618,42,2,0,3431140
P02211,Velachery,1524,117,4,1,3976030
P00116,Chrompet,783,124,2,0,2000710
P02342,Chrompet,1247,8,4,0,4234890
P04287,Karapakkam,976,74,3,0,3509260
P00173,Chrompet,1279,16,4,0,2665380
P03475,Karapakkam,1434,197,4,0,2819400
P05235,Karapakkam,653,58,2,1,2757240
P00543,Chrompet,1120,197,3,1,3598560
P00862,T Nagar,1624,10,4,1,5165010
P00415,Anna Nagar,1512,92,4,0,3563860
P06233,Karapakkam,831,63,2,0,1582100
P08067,Chrompet,1107,55,3,1,3862070
P02978,Karapakkam,626,55,2,0,2932040
P06428,Velachery,1806,98,5,0,3422540
P00527,Chrompet,1056,176,3,0,2542140
P04738,KK Nagar,2157,122,5,0,4167000
P08678,Velachery,1672,98,4,1,3158500
P07665,Velachery,1621,126,4,0,4030760
P01811,Adyar,639,104,2,0,1444180
P07791,Chrompet,915,64,3,1,3370000
P00926,Chrompet,1201,80,4,0,3682450
P07298,Chrompet,734,191,2,1,2107350
P00613,Chrompet,987,47,3,1,4020270
P00804,Chrompet,717,74,2,0,2523330
P01664,Chrompet,841,8,3,1,2319820
P00875,Anna Nagar,1750,35,4,0,3503560
P07977,KK Nagar,1651,87,4,1,5793380
P08684,Anna Nagar,1585,35,4,0,4334490
P05628,KK Nagar,1788,4,5,0,5239890
P06503,Adyar,968,67,3,0,5405270
P06618,KK Nagar,1798,103,5,1,5203670
P05831,Anna Nagar,1710,83,4,0,2845920
P03735,KK Nagar,1826,151,5,0,4569730
P05393,Karapakkam,759,23,2,1,2674100
P08725,Anna Nagar,1651,188,4,0,4501470
P08986,Chrompet,1014,10,3,1,2722870
P05732,Karapakkam,1546,47,4,0,4993000
P07106,Chrompet,1130,129,3,0,3262770
P04966,Karapakkam,594,89,2,1,1946100
P06032,Velachery,1873,83,5,1,3142100
P03169,Velachery,1756,194,4,1,5230860
P01010,Chrompet,838,93,3,0,2124110
P04731,Velachery,1608,117,4,1,4756000
P05931,KK Nagar,2232,89,6,1,5844040
P00080,T Nagar,1530,172,4,1,7258000
P01233,T Nagar,1874,7,5,0,4825590
P05758,Velachery,1877,165,5,1,4628240
P04623,Karapakkam,1008,86,3,0,2785640
P02780,T Nagar,1912,124,5,1,4070920
P07944,Adyar,638,26,2,1,3960170
P07763,KK Nagar,2369,45,6,1,5884020
P04940,KK Nagar,1580,114,4,1,3290100
P06282,KK Nagar,1766,66,4,0,7283550
P01075,Anna Nagar,1943,113,5,1,4463770
P05871,Anna Nagar,1885,124,5,1,8474220
P07329,Chrompet,1233,93,4,1,2920840
P05001,Adyar,972,145,3,1,2644610
P10022,Velachery,1668,140,4,1,4462730
P06523,Anna Nagar,1758,157,4,1,3974360
P03300,Chrompet,1217,90,4,1,3323270
P08870,Velachery,1543,147,4,1,3959700
P10004,Velachery,1828,198,5,0,4029100
P03535,Karapakkam,1364,49,4,1,5052300
P07719,Velachery,1699,22,4,0,2525960
P08302,KK Nagar,2487,162,6,1,4908150
P02301,Chrompet,1012,146,3,1,2223300
P00866,Anna Nagar,1629,63,4,0,4025240
P08978,Chrompet,1034,193,3,0,3345910
P09913,Velachery,1514,109,4,1,3676670
P00698,Chrompt,892,154,3,1,3098200
P00681,Chrompet,999,196,3,1,3022390
P06060,Karapakkam,1486,156,4,0,4577230
P02859,Karapakkam,766,35,2,0,2701800
P08762,Velachery,1995,175,5,0,3778490
P07733,KK Nagar,1457,105,4,1,5722280
P05681,Chrompet,1059,127,3,0,4043110
P04094,Anna Nagar,1827,54,5,1,4177170
P06480,KK Nagar,1576,138,4,0,4162860
P06442,KK Nagar,2121,171,5,0,3897990
P05811,Karapakkam,963,93,3,0,1740300
P04049,Chrompet,940,119,3,1,3372000
P01003,Chrompet,1294,161,4,1,3440060
P08850,Adyar,726,123,2,0,3003410
P01338,Chrompet,1024,39,3,0,3287630
P06701,Chrompet,1292,45,4,0,4629820
P07076,Anna Nagar,1605,125,4,1,3791490
P06619,KK Nagar,1649,24,4,1,4520290
P09518,Velachery,1587,126,4,0,2988010
P01899,Karapakkam,1478,121,4,0,5442860
P00369,Anna Nagar,1654,36,4,1,5058420
P04747,Chrompet,887,198,3,0,2456170
P08920,Chrompet,1202,77,4,0,3861900
P03097,T Nagar,1601,179,4,0,4881670
P07288,KK Nagar,1748,48,4,1,4372450
P09209,Chrompet,883,109,3,0,2251440
P04757,Karapakkam,970,39,3,0,2751680
P03907,Karapakkam,1107,165,3,1,1646850
P04150,Chrompet,1273,177,4,0,3123870
P04581,KK Nagar,2392,179,6,1,5748460
P09801,Velachery,1846,40,5,1,3171940
P06725,Chrompet,719,36,2,0,1990090
P06575,Karapakkam,987,16,3,1,3483160
P04359,Chrompet,966,35,3,0,3013680
P02256,Karapakkam,1561,89,4,1,2801790
P06927,KK Nagar,2044,39,5,0,4376900
P08233,Adyar,892,109,3,0,3305040
P00991,Chrompet,727,69,2,1,2256520
P06872,Adyar,1116,81,3,1,3376860
P03894,Velachery,1689,164,4,1,4081160
P04174,Velachery,1716,55,4,1,4701270
P03045,Karapakkam,1152,80,3,1,3317000
P02375,Chrompet,1275,104,4,1,4457250
P06402,Karapakkam,1690,79,4,0,3552510
P05998,KK Nagar,2014,197,5,1,5599990
P06743,KK Nagar,2046,22,5,1,5852550
P04255,Karapakkam,644,10,2,0,2471500
P09341,Velachery,1519,34,4,0,3352070
P03214,Chrompet,866,3,3,1,3665960
P06425,Chrompet,1101,57,3,0,2169740
P01245,Chrompet,1024,118,3,1,2774850
P08200,KK Nagar,2434,102,6,1,5836970
P08833,Chrompet,1212,189,4,0,2962330
P00761,Anna Nagar,1825,198,5,1,4190340
P00406,Anna Nagar,1723,164,4,0,3227130
P02036,Karapakkam,665,39,2,0,2235870
P07043,Anna Nagar,1768,97,4,1,5265650
P04404,Chrompet,1231,150,4,0,2596170
P06190,Karapakkam,1038,168,3,0,1852490
P08366,Chrompet,759,95,2,0,2964690
P08404,Anna Nagar,1653,89,4,1,3550730
P01830,Chrompet,1217,20,4,0,2171320
P00933,Anna Nagar,1892,89,5,1,4642770
P01717,Chrompet,754,72,2,1,3163150
P08680,T Nagar,1508,182,4,0,3992700
P07549,T Nagar,1864,5,5,1,5575990
P02510,Karapakkam,1020,82,3,1,3474590
P03134,Adyar,642,106,2,0,2367020
P07843,Velachery,1883,106,5,1,3185140
P01134,Chrompet,841,187,3,1,2465140
P04308,Chrompet,985,166,3,0,2815650
P08087,KK Nagar,2171,36,5,0,5449220
P03518,Karapakkam,628,155,2,1,2819000
P09410,Anna Nagar,1730,108,4,1,6507590
P05816,Karapakkam,924,72,3,0,2442960
P06778,KK Nagar,2049,42,5,1,7402820
P08346,Chrompet,1238,30,4,1,3190320
P08397,Adyar,1054,82,3,0,2562950
P07486,KK Nagar,1544,53,4,0,4115520
P09848,Velachery,1842,83,5,1,4371620
P02150,Karapakkam,936,31,3,0,2026800
P04461,Chrompet,977,166,3,1,3442800
P06074,Karapakkam,1348,46,4,0,3473050
P09844,Velachery,1624,129,4,0,3635360
P08741,Chrompet,844,138,3,1,3893600
P01079,Chrompet,711,28,2,0,1816620
P04787,Karapakkam,1491,181,4,0,3753690
P00772,Chrompet,1282,200,4,0,3514350
P09306,Chrompet,905,15,3,1,2749130
P03131,Karapakkam,506,200,2,0,2055900
P05294,T Nagar,1991,110,5,0,5591280
P04381,Anna Nagar,1732,134,4,1,6749790
P06430,Velachery,1665,46,4,1,3016470
P02625,Karapakkam,745,166,2,0,1443370
P01562,KK Nagar,1960,200,5,1,7735530
P08637,Chrompet,1267,121,4,1,3587300
P09062,Chrompet,793,157,2,1,2596930
P05889,Adyar,808,125,3,0,2013020
P06397,Chrompet,817,186,3,1,2143880
P06607,Karapakkam,1020,108,3,1,4533620
P02509,Karapakkam,812,38,2,0,2358920
P08594,Anna Nagar,1874,88,5,1,6476430
P04337,Karapakkam,850,139,2,1,1426780
P00795,Chrompet,855,130,3,0,2903510
P02923,Chrompet,835,142,3,1,1977300
P09082,Chrompet,1073,124,3,0,2168600
P03826,Karapakkam,1676,183,4,0,3442160
P09002,T Nagar,1938,138,5,1,8437550
P06451,Chrompet,709,102,2,0,2929160
P09236,Chrompet,836,9,3,0,1887430
P08758,Chrompet,937,27,3,0,2387780
P09695,Velachery,1992,85,5,1,5101670
P03079,Anna Nagar,1554,150,4,0,3302120
P03624,Karapakkam,1035,32,3,0,1638320
P03859,Chrompet,889,31,3,0,1587510
P08675,Anna Nagar,1639,80,4,0,3251440
P08549,Adyar,622,137,2,0,1312520
P01581,Anna Nagar,1968,175,5,0,4907590
P06563,Karapakkam,603,187,2,1,3334350
P04368,Karapakkam,1117,151,3,0,3064430
P07757,Anna Nagar,1893,109,5,1,6339260
P09071,Velachery,1740,181,4,1,3815390
P02639,Karapakkam,1417,45,4,0,2805830
P04282,Chrompet,1288,83,4,0,2444000
P09428,Chrompet,1246,102,4,1,2586060
P09682,Velachery,1532,141,4,0,3082760
P03100,Karapakkam,1333,120,4,1,2060630
P01136,Chrompet,976,168,3,0,3127530
P02427,Chrompet,801,139,3,0,2214000
P01996,Adyar,824,15,3,0,2424560
P07482,Adyar,1030,69,3,0,3999740
P09630,Velachery,1817,99,5,0,3255810
P05324,Karapakkam,659,17,2,1,1308740
P08847,Velachery,1989,135,5,1,4094610
P05643,Adyar,857,4,3,1,2859680
P09184,T Nagar,1553,47,4,1,2930760
P02318,T Nagar,1599,142,4,0,4104730
P00737,Chrompet,897,132,3,0,3621850
P07146,Velachery,1604,60,4,1,3406140
P07326,KK Nagar,1573,80,4,1,5918600
P01199,Chrompet,742,61,2,1,3419160
P08365,Adyar,1225,13,4,1,6185600
P09749,Velachery,1950,180,5,0,6128290
P00094,Anna Nagar,1602,23,4,1,5031980
P08750,Velachery,1634,66,4,1,3331750
P03467,KK Nagar,1595,135,4,0,4192650
P09022,Chrompet,1034,22,3,0,2474040
P06580,KK Nagar,1562,89,4,0,6924510
P01138,Anna Nagar,1642,103,4,1,7393220
P08525,Adyar,1031,157,3,1,3858910
P02837,T Nagar,1658,185,4,1,3216830
P03321,Anna Nagar,1781,182,4,1,4084100
P08491,Velachery,1799,71,4,0,3570320
P04231,Karapakkam,1230,83,3,1,2510910
P08498,Chrompet,875,69,3,0,2606750
P07710,Adyar,1261,182,4,0,4308660
P03856,Chrompet,1242,72,4,0,2338010
P09797,Velachery,1747,168,4,0,4395180
P04511,Karapakkam,1667,65,4,0,5060220
P05527,Chrompet,723,63,2,1,2873450
P00457,Anna Nagar,1625,128,4,1,3785950
P01262,Chrompet,884,200,3,1,3104190
P09072,Adyar,736,143,2,0,3251290
P00065,Anna Nagar,1621,150,4,1,4055560
P06658,T Nagar,1890,9,5,1,4277890
P02700,KK Nagar,1915,189,5,0,3436960
P09789,Velachery,1911,108,5,1,6677330
P03398,KK Nagar,2370,112,6,1,3673870
P06823,Velachery,1903,134,5,1,4970650
P03155,KK Nagar,2273,83,6,1,3865550
P01414,Chrompet,1256,138,4,1,2636070
P03667,Adyar,1274,177,4,0,3132680
P02566,KK Nagar,2052,158,5,0,3953880
P03799,Karapakkam,941,195,3,1,3112260
P04876,Chrompet,1194,40,3,1,4156430
P05588,Karapakkam,1606,150,4,1,2569320
P01271,Chrompet,1249,178,4,0,2806660
P00496,Anna Nagar,1854,139,5,1,4524170
P07470,Velachery,1531,110,4,1,3219210
P01977,Anna Nagar,1895,76,5,1,8388190
P02199,Chrompet,983,92,3,0,2110780
P00588,Anna Nagar,1569,125,4,0,3769660
P02059,Anna Nagar,1609,15,4,0,4886180
P01169,Chrompet,912,167,3,1,2858800
P07610,Chrompet,998,23,3,1,2183600
P04960,Chrompet,990,191,3,0,2501330
P08074,Chrompet,994,47,3,1,2732170
P09988,Velachery,1898,77,5,0,3698040
P04918,Chrompet,754,38,2,1,3208080
P06023,Chrompet,710,5,2,0,2109550
P05019,Karapakkam,1287,102,3,0,3252340
P06765,KK Nagar,1601,48,4,1,3653690
P04116,Chrompet,943,21,3,0,3652950
P06702,KK Nagar,2374,104,6,1,6651650
P02358,Adyar,1178,200,3,1,3635220
P01130,Chrompet,1180,88,3,0,2385550
P02592,Karapakkam,1080,14,3,0,3255910
P05062,Adyar,1251,128,4,0,3423470
P05574,Adyar,997,81,3,0,2745460
P07220,Anna Nagar,1516,175,4,1,3560190
P00581,Chrompet,839,34,3,0,2473460
P07059,Chrompet,829,177,3,0,1949620
P06468,KK Nagar,1611,24,4,0,4356550
P01556,Karapakkam,1208,0,3,1,4457130
P02282,Velachery,1878,160,5,1,3993670
P08871,Chrompet,733,13,2,1,2917320
P04669,Chrompet,814,90,3,1,2603580
P07045,Chrompet,954,40,3,1,2338480
P07064,KK Nagar,2334,30,6,1,7107600
P07584,KK Nagar,1648,98,4,1,4400690
P01494,Anna Nagar,1993,6,5,0,3749470
P04687,Karapakkam,1337,45,4,1,3423220
P01740,Karapakkam,1616,186,4,0,2153400
P10030,Velachery,1640,117,4,1,4595210
P09421,Chrompet,1105,53,3,0,2117800
P07115,Adyar,1158,5,3,1,3380280
P08172,KK Nagar,1510,180,4,0,4108710
P04848,Karapakkam,644,63,2,0,3165920
P04945,Karapakkam,1192,76,3,0,2376660
P08379,Adyar,1209,186,4,0,3997970
P04780,Karapakkam,522,57,2,0,1411580
P03824,Karapakkam,881,50,2,1,4421250
P07832,Chrompet,1270,94,4,0,3743340
P00155,Chrompet,1024,140,3,0,2532030
P01677,Adyar,1017,142,3,1,3169400
P09895,Velachery,1992,118,5,0,5405710
P08022,KK Nagar,1323,181,3,0,4589120
P02697,Chrompet,1277,36,4,0,5071340
P01144,T Nagar,1960,35,5,0,6578450
P08687,Velachery,1822,41,5,1,4998320
P05878,Chrompet,934,105,3,0,2236230
P04309,Karapakkam,1119,2,3,0,3414200
P09938,Velachery,1941,15,5,0,5448150
P02042,Velachery,1937,126,5,1,3481230
P03215,KK Nagar,1972,179,5,0,4437480
P00736,Anna Nagar,1585,13,4,1,5323610
P00198,Anna Nagar,1933,110,5,1,3917020
P05911,T Nagar,1814,90,5,0,5513250
P01197,Chrompet,1129,88,3,0,3385290
P03268,KK Nagar,2083,1,5,1,4690950
P02812,KK Nagar,1668,184,4,1,4650620
P02446,Karapakkam,1608,36,4,1,3008390
P07276,Velachery,1606,121,4,1,4472920
P03801,Karapakkam,1284,125,3,0,1832160
P08046,T Nagar,1903,7,5,0,5737580
P08671,Chrompet,956,1,3,1,2961850
P09873,Velachery,1807,146,5,1,3310990
P09954,Velachery,1591,78,4,1,4710080
P09006,T Nagar,1626,186,4,0,6422430
P08704,Anna Nagar,1634,9,4,0,5530030
P04905,KK Nagar,2127,50,5,0,5726860
P03306,KK Nagar,1512,45,4,0,4089190
P06372,Karapakkam,1528,140,4,1,5464680
P01441,Adyar,1122,142,3,0,3063680
P04964,KK Nagar,1395,17,4,0,4366360
P00999,T Nagar,1791,194,4,1,5117490
P09227,Anna Nagar,1972,37,5,1,6054050
P09820,Velachery,1831,70,5,0,3543770
P09118,Velachery,1516,119,4,0,5341130
P05368,Karapakkam,1534,72,4,1,3623310
P02122,KK Nagar,2476,48,6,1,10293890
P07918,Adyar,1250,155,4,0,4050390
P04162,Karapakkam,1479,196,4,1,4863300
P05361,Karapakkam,592,152,2,0,2059880
P06284,Karapakkam,1433,53,4,0,3435710
P02214,KK Nagar,1323,164,3,1,5077070
P09155,Anna Nagar,1969,85,5,0,8269660
P03677,KK Nagar,2084,120,5,1,4720250
P07476,Adyar,1084,159,3,0,2902320
P01731,Anna Nagar,1998,61,5,0,3476520
P07305,Chrompet,853,129,3,0,2891510
P03832,KK Nagar,2105,40,5,0,4184810
P02213,KK Nagar,1860,34,5,1,5886940
P04635,Velachery,1576,56,4,0,4736260
P07702,Chrompet,1278,31,4,0,2341610
P04659,Chrompet,748,68,2,0,2736030
P01211,Anna Nagar,1791,122,4,0,4734140
P04990,Anna Nagar,1687,28,4,0,7420360
P08721,Chrompet,1065,19,3,0,3252650
P08484,Anna Nagar,1710,103,4,1,3864970
P05016,T Nagar,1965,54,5,0,6615740
P02474,Anna Nagar,1893,123,5,0,5947680
P06371,T Nagar,1950,126,5,1,3668300
P03280,Karapakkam,1576,64,4,0,3437400
P05026,Karapakkam,567,98,2,1,3098560
P07426,Anna Nagar,1831,128,5,0,3297110
P04408,Karapakkam,1460,143,4,1,6166440
P03354,Anna Nagar,1638,45,4,0,6885840
P01894,Velachery,1823,74,5,1,4291450
P02333,Chrompet,847,76,3,0,2599790
P07799,KK Nagar,2250,161,6,1,6046880
P07154,Chrompet,840,184,3,1,2299280
P02400,KK Nagar,2001,33,5,0,6835240
P06162,Velachery,1926,200,5,0,2874390
P00309,Chrompet,932,172,3,0,3513990
P04969,Karapakkam,777,144,2,1,1907270
P07230,KK Nagar,1612,73,4,1,6521060
P01289,Chrompet,1251,184,4,1,4499090
P09865,Velachery,1746,66,4,1,3815040
P02430,KK Nagar,1741,16,4,0,4190940
P06868,Anna Nagar,1997,31,5,1,3574700
P08654,Velachery,1506,157,4,1,3446230
P06566,Karapakkam,1390,77,4,1,2398790
P07715,Chrompet,745,82,2,0,2853270
P02250,KK Nagar,1473,44,4,0,3702150
P08124,Velachery,1574,148,4,0,4473460
P09857,Velachery,1892,43,5,0,2884600
P01366,Anna Nagar,1820,200,5,0,3218240
P09181,Anna Nagar,1915,1,5,1,6984110
P08627,Adyar,1191,119,3,1,4580000
P01204,T Nagar,1507,62,4,1,3777110
P07240,Adyar,1100,67,3,1,3724190
P02415,Karapakkam,748,65,2,0,2401020
P06520,Velachery,1887,10,5,0,2506730
P03740,Karapakkam,523,191,2,0,1294080
P06731,Chrompet,756,0,2,0,2876990
P03863,Chrompet,973,183,3,0,2202980
P00690,T Nagar,1839,41,5,0,6956900
P07223,KK Nagar,1316,183,3,1,3866540
P03212,Karapakkam,1638,29,4,0,2469530
P03952,Karapakkam,1688,154,4,0,3113950
P03035,Chrompet,1215,33,4,0,2348800
P08453,Chrompet,911,83,3,0,2126470
P04143,KK Nagar,1584,29,4,1,5599460
P03456,KK Nagar,2009,62,5,1,5535550
P06420,Karapakkam,1602,73,4,1,2708450
P00676,Anna Nagar,1708,161,4,0,3400280
P01611,Adyar,735,64,2,1,2710700
P07700,KK Nagar,2462,4,6,1,7967310
P05678,Anna Nagar,1990,21,5,1,5930450
P03313,Anna Nagar,1905,13,5,1,3756660
P08900,Velachery,1944,136,5,1,3449250
P09795,Velachery,1601,32,4,1,5525700
P00424,Chrompet,1228,198,4,1,2950540
P09232,Velachery,1859,13,5,0,2907490
P01229,T Nagar,1817,160,5,1,3849040
P05061,Velachery,1564,61,4,1,5484070
P00689,Chrompet,933,94,3,1,2975100
P09150,Velachery,1642,58,4,1,3038670
P03744,KK Nagar,1318,128,3,1,5752220
P03697,Anna Nagar,1623,98,4,1,4677160
P02226,KK Nagar,2030,5,5,1,5249410
P04289,Karapakkam,545,186,2,0,1505470
P09693,Velachery,1876,97,5,1,2745430
P02329,KK Nagar,1767,187,4,1,4574990
P02281,Karapakkam,1209,70,3,1,4107790
P00752,Anna Nagar,1804,49,5,1,5932270
P06885,Adyar,893,48,3,1,5082820
P01980,Karapakkam,1289,181,3,1,2067990
P02414,Karapakkam,1694,123,4,1,7009130
P01292,Anna Nagar,1622,1,4,0,4698370
P07559,KK Nagar,1579,97,4,0,3254280
P05881,Chrompet,876,74,3,0,2419820
P02782,Karapakkam,1627,48,4,1,3010800
P05585,Karapakkam,651,16,2,1,1783310
P03971,KK Nagar,2146,12,5,1,5923140
P04184,Adyar,1025,71,3,1,3463290
P09637,Velachery,1785,133,4,0,3113660
P00258,Anna Nagar,1751,143,4,0,5252260
P09480,Adyar,1191,34,3,1,5773580
P09465,Adyar,895,157,3,0,3207020
P08446,Anna Nagar,1894,69,5,0,3394760
P04210,T Nagar,1793,71,4,0,4574240
P09346,Chrompet,1291,73,4,1,3454290
P00379,Chrompet,886,24,3,0,3170920
P04546,Adyar,983,149,3,1,3815870
P00556,Chrompet,1104,52,3,1,3594730
P00797,Anna Nagar,1933,71,5,1,6141990
P01841,KK Nagar,1982,29,5,1,7933790
P06584,Anna Nagar,1899,135,5,0,5173130
P08021,Anna Nagar,1947,97,5,1,8568590
P06710,Velachery,1720,63,4,0,3304730
P09525,Velachery,1776,25,4,0,3328810
P09097,Velachery,1948,149,5,1,3332580
P09605,Velachery,1621,190,4,0,5397570
P02035,Karapakkam,1106,35,3,0,1755980
P03309,KK Nagar,2243,167,6,1,5192280
P08139,Velachery,1774,130,4,0,3113150
P01263,Chrompet,995,157,3,1,2216830
P07981,Chrompet,912,148,3,1,2797970
P08936,Chrompet,1104,47,3,0,2717760
P01453,Anna Nagar,1732,122,4,1,4710300
P04696,Adyar,980,104,3,1,3013720
P09310,Velachery,1845,63,5,1,3048620
P06055,Karapakkam,1116,49,3,0,1902240
P02444,Chrompet,868,101,3,0,1977090
P05036,Anna Nagar,1913,155,5,0,4563350
P02847,Velachery,1536,89,4,1,4620530
P05539,Karapakkam,1411,149,4,1,3027460
P04301,Velachery,1788,127,4,1,5292700
P04453,Anna Nagar,1892,149,5,0,6877080
P01001,Chrompet,874,169,3,0,3492780
P09811,Velachery,1530,86,4,1,3084510
P03218,Chrompet,885,25,3,0,2984940
P09614,Velachery,1716,179,4,0,3635980
P09254,T Nagar,1592,158,4,1,4312360
P03962,T Nagar,1883,150,5,1,7774960
P01269,Chrompet,1124,8,3,1,3215500
P08324,Velachery,1767,57,4,1,3659220
P00519,Anna Nagar,1786,128,4,0,3839420
P05092,Chrompet,1200,62,3,0,3974890
P01591,Adyar,1086,64,3,1,4880790
P02063,Karapakkam,693,97,2,0,2234810
P06918,Chrompet,973,181,3,1,2907350
P04373,KK Nagar,2147,144,5,1,5547330
P04540,Anna Nagar,1608,145,4,1,3187250
P01252,Chrompet,772,110,2,1,3737400
P06490,Adyar,1165,100,3,0,2568150
P05785,Karapakkam,1399,44,4,1,3573470
P09989,Velachery,1980,26,5,1,6002960
P07718,KK Nagar,1591,99,4,1,4507050
P03371,Adyar,1085,35,3,0,4875830
P08402,Chrompet,985,88,3,0,2759580
P00648,T Nagar,1646,41,4,0,5180280
P00181,Chrompet,1044,0,3,1,2557780
P04372,KK Nagar,2247,111,6,1,4854750
P07160,T Nagar,1543,6,4,0,4606220
P06863,Anna Nagar,1851,129,5,1,3702340
P00684,Anna Nagar,1588,5,4,1,3436260
P06134,Velachery,1633,77,4,1,2636330
P08935,Velachery,1978,188,5,0,6029090
P02869,Chrompet,757,89,2,1,2539750
P05482,Karapakkam,857,134,2,1,3688200
P02939,KK Nagar,1746,191,4,0,4728130
P04796,Karapakkam,1285,4,3,1,2581720
P02200,KK Nagar,2423,110,6,1,6770310
P04394,Karapakkam,1012,41,3,0,1799330
P01890,T Nagar,1744,115,4,1,3998040
P04601,Adyar,1232,187,4,0,3832130
P08489,Adyar,990,187,3,1,3667690
P07712,KK Nagar,1389,57,4,0,4466360
P06697,Velachery,1964,30,5,1,6599740
P07017,Velachery,1806,108,5,1,5534670
P03082,Karapakkam,738,95,2,0,2500370
P07018,Chrompet,822,84,3,0,2177850
P07394,Chrompet,705,167,2,0,1860850
P09688,Velachery,1866,79,5,1,4499490
P08187,Adyar,884,160,3,1,4544080
P04284,Karapakkam,741,13,2,0,1666300
P04152,Chrompet,836,120,3,0,2043100
P06281,Velachery,1983,144,5,0,3450290
P01805,Chrompet,704,143,2,0,2231790
P06286,Chrompet,733,42,2,1,2880890
P03241,Karapakkam,1432,93,4,1,3170080
P06839,KK Nagar,1378,196,4,1,3424070
P10025,Velachery,1639,50,4,1,3793600
P04889,KK Nagar,1727,125,4,1,7514820
P08213,KK Nagar,2149,168,5,1,7885720
P04351,Adyar,819,130,3,1,4211390
P00798,T Nagar,1853,37,5,0,6821740
P08423,T Nagar,1523,131,4,0,4590030
P00885,Anna Nagar,1942,198,5,1,4546370
P02049,Karapakkam,1421,44,4,1,2555310
P09286,Chrompet,834,58,3,0,2906500
P08668,T Nagar,1561,75,4,0,5653590
P02525,Anna Nagar,1676,170,4,0,3983260
P02975,Anna Nagar,1714,30,4,1,5277040
P04545,Karapakkam,1059,114,3,1,3703910
P02346,Adyar,937,78,3,1,2513790
P09850,Velachery,1654,124,4,0,4701690
P01531,Adyar,613,102,2,0,2422960
P03285,Karapakkam,1652,66,4,1,2199610
P09669,Velachery,1827,33,5,1,4602210
P05075,Karapakkam,996,70,3,0,2217460
P01828,Karapakkam,776,5,2,0,2877980
P09219,T Nagar,1818,3,5,1,3345050
P03106,Chrompet,1063,39,3,1,2971090
P06014,KK Nagar,2054,43,5,0,5932820
P03616,Anna Nagar,1513,133,4,1,3432350
P07837,Velachery,1925,112,5,0,3523760
P08157,Chrompet,1231,199,4,1,2768160
P08092,Chrompet,1031,59,3,1,3002440
P04165,Velachery,1819,14,5,0,3403550
P07743,Velachery,1610,53,4,1,5639550
P02681,KK Nagar,2109,85,5,1,5820760
P05206,KK Nagar,1811,12,5,1,4191740
P02032,Chrompet,1146,116,3,1,2236950
P06819,Velachery,1769,92,4,1,4936550
P00323,Anna Nagar,1960,18,5,1,5539240
P01858,Karapakkam,728,34,2,1,4024850
P07001,T Nagar,1575,30,4,0,6869630
P02924,Karapakkam,1324,11,3,0,3961500
P07738,Velachery,1833,192,5,1,4115090
P08886,Adyar,1132,15,3,0,4084130
P05863,Chrompet,1032,118,3,0,2407460
P03872,Karapakkam,1483,191,4,0,3524940
P09499,Chrompet,1164,67,3,0,3201500
P00090,Chrompet,921,163,3,1,2462560
P04828,Karapakkam,1047,46,3,1,3038340
P08064,Chrompet,1112,122,3,1,4034110
P04989,Anna Nagar,1913,171,5,0,7649060
P09053,T Nagar,1653,101,4,1,4369970
P05487,Karapakkam,1524,21,4,0,3409850
P05116,Karapakkam,678,57,2,1,1947450
P03865,Karapakkam,1344,113,4,0,3305100
P07675,Chrompet,1193,116,3,1,4057830
P06087,Adyar,1021,109,3,0,3544120
P08914,Adyar,1162,196,3,1,4743840
P06352,KK Nagar,2390,53,6,0,4042100
P05188,Chrompet,1154,39,3,1,2360660
P07517,Adyar,941,93,3,1,4784600
P02563,Adyar,892,79,3,0,2356300
P04365,Velachery,1552,144,4,0,2381090
P03427,Velachery,1706,111,4,1,3579440
P00053,Ann Nagar,1854,182,5,0,4477610
P02407,Karapakkam,588,166,2,1,2155590
P09278,T Nagar,1924,181,5,1,4796250
P00819,Chrompet,1160,60,3,0,2337780
P02699,Anna Nagar,1645,123,4,0,5590490
P07315,KK Nagar,2374,20,6,1,7735740
P03798,Chrompet,1227,195,4,1,4161150
P04858,Velachery,1972,37,5,0,3733740
P05398,KK Nagar,2096,8,5,0,4054130
P02732,Chrompet,1115,30,3,0,3023690
P07628,Velachery,1598,93,4,0,3317200
P07796,Velachery,1864,73,5,0,3803320
P01698,Chrompet,1054,60,3,1,3460790
P06322,KK Nagar,2317,146,6,0,3517210
P00682,Chrompet,1237,46,4,0,2439760
P08483,Anna Nagar,1503,120,4,1,3832440
P00907,Chrompet,1154,97,3,1,2790940
P05457,Karapakkam,685,27,2,1,2545550
P05090,Adyar,1117,142,3,1,3938190
P03120,Karapakkam,565,88,2,1,2082020
P02154,Karapakkam,1330,75,3,1,4915750
P07896,Anna Nagar,1985,139,5,0,5193780
P09277,Adyar,1073,35,3,1,2313680
P03444,Karapakkam,1400,22,4,0,3379800
P04947,Chrompet,1201,178,4,1,2867160
P09792,Velachery,1573,38,4,1,3376380
P00594,Chrompet,925,135,3,0,2676650
P07296,Velachery,1808,29,5,1,3155920
P04822,Karapakkam,765,3,2,0,2973990
P06151,Chrompet,953,143,3,1,2431900
P02574,KK Nagar,2018,103,5,1,4588480
P01962,KK Nagar,2404,126,6,1,5733610
P00734,Chrompet,1050,9,3,1,4323740
P06456,KK Nagar,1764,164,4,1,6238270
P09317,Adyar,1044,6,3,1,3388240
P07087,KK Nagar,1319,162,3,1,5369190
P00533,Anna Nagar,1589,49,4,0,3734930
P06905,T Nagar,1878,60,5,0,3504700
P08714,Chrompet,1075,182,3,0,2316560
P07452,KK Nagar,1323,114,3,1,3404250
P02642,KK Nagar,2096,11,5,1,5418120
P04838,Velachery,1609,10,4,0,4657950
P04998,Karapakkam,1573,156,4,1,4063200
P09966,Velachery,1698,82,4,0,4579140
P06647,Karapakkam,1476,125,4,1,4015660
P09156,Velachery,1732,112,4,0,3055140
P02353,T Nagar,1877,106,5,1,5555030
P00428,Anna Nagar,1736,172,4,0,4293530
P04626,Karapakkam,1382,110,4,1,3490550
P01274,Chrompet,884,168,3,0,2229360
P08557,Anna Nagar,1560,109,4,0,4182940
P08180,T Nagar,1928,27,5,1,4407320
P01047,Chrompet,1197,199,3,0,2897500
P07316,Chrompet,840,101,3,0,2232640
P00971,Anna Nagar,1940,13,5,0,5473800
P06497,KK Nagar,1751,96,4,0,3250730
P02963,KK Nagar,1502,78,4,1,4914220
P05716,KK Nagar,2173,59,5,1,4486390
P01224,Chrompet,809,87,3,1,3573840
P07785,Adyar,769,141,2,0,2088170
P02578,Velachery,1726,118,4,0,4061190
P05583,Anna Nagar,1530,48,4,0,7216810
P03419,Karapakkam,1641,135,4,1,2783850
P04396,Anna Nagar,1602,56,4,0,3632180
P09548,Chrompet,1230,149,4,0,2369310
P03482,Karapakkam,904,111,3,1,1437810
P06124,KK Nagar,1520,5,4,0,3770260
P05411,Karapakkam,1255,105,3,1,1927660
P04392,Velachery,1720,4,4,1,4613460
P09025,Chrompet,1294,49,4,0,4315010
P01871,Chrompet,1170,199,3,0,2324930
P04161,KK Nagar,1332,61,3,0,3824070
P06111,KK Nagar,2134,69,5,1,6232330
P03948,KK Nagar,1648,133,4,1,4249870
P09900,Velachery,1891,84,5,0,3304030
P08280,T Nagar,1560,85,4,1,5895240
P07149,Adyar,858,63,3,0,2022280
P02981,KK Nagar,2159,162,5,1,4991950
P05458,Chrompet,830,10,3,1,2411670
P02835,Velachery,1824,117,5,0,3645810
P06366,T Nagar,1508,197,4,0,4620600
P03750,Karapakkam,1288,28,3,0,3201410
P08828,Chrompet,1298,47,4,0,2922560
P01532,Chrompet,992,11,3,0,3665430
P08495,Anna Nagar,1802,142,5,0,4078300
P05071,KK Nagar,1447,3,4,1,5141480
P01515,Velachery,1579,30,4,1,3649700
P04214,Karapakkam,762,195,2,1,2532590
P08661,Chrompet,1104,118,3,0,3151380
P08073,Chrompet,902,124,3,0,2304000
P07965,Velachery,1829,26,5,1,4553300
P06258,Anna Nagar,1728,141,4,0,4149170
P03176,Karapakkam,1623,183,4,1,4355060
P01486,Karapakkam,1120,162,3,1,3826260
P06421,T Nagar,1648,53,4,0,3928570
P02467,Karapakkam,751,124,2,1,3436840
P09880,Velchery,1602,40,4,0,4911000
P08551,Chrompet,771,190,2,1,2629900
P04576,Adyar,992,158,3,0,2895960
P04220,Karapakkam,914,179,3,1,2682080
P02456,Adyar,669,97,2,1,2674940
P08036,Anna Nagar,1517,37,4,0,3055430
P08910,Velachery,1874,6,5,1,6774710
P07186,KK Nagar,1799,83,5,0,4165050
P07604,KK Nagar,2475,16,6,0,4257250
P03935,T Nagar,1819,50,5,1,4994630
P08029,Chrompet,771,64,2,1,2434440
P05677,T Nagar,1593,16,4,0,5121940
P03437,Karapakkam,1688,4,4,1,3045740
P08631,Velachery,1891,30,5,1,5798630
